boundary,r_target,r_prime,beta,n_coeff,n_fock,n_quad,coeff_backend,total_time,evaluation,state_prep_method,oracle_fidelity,oracle_fidelity_basis,rel_frobenius_error,rel_spectral_error,worst_scaled_relative_error,worst_conditional_fidelity,p_min,p_max,alpha_target_re,alpha_target_im,best_fit_scale_re,best_fit_scale_im,best_fit_rel_frobenius_error,per_input,case,n_trotter_steps,p_succ,system_label,dv_dim,target_state_prep_method,worst_input_name,p_ref,p_target_model,inv_p_succ,eps_model,eps_synth,eps_t,eps_tot,eps_model_fro,eps_synth_fro,eps_t_fro,eps_tot_fro,alpha_prepared_re,alpha_prepared_im,static_footprint,per_attempt_ops,accepted_sample_ops,resource_ledger,compiled_width,compiled_depth,compiled_count_ops,compiled_resources,Gamma_1,Gamma_1_LL,Gamma_1_LH,Gamma_1_HH,eps_t_bound,coefficient_artifact,coefficient_sha256,raw_artifact,candidate_id,wiring_crosscheck_relative_error
dirichlet,1.4,0.4,0.5,12,16,240,explicit_overlap,0.25,exact_finite_map,ideal_injection,1.0,by_construction,0.06561202473509373,0.07985862895035754,0.07097987759755996,0.9971772868348517,0.29709559852750317,0.3546455244223684,1.211840841054047,0.0,1.160976885959043,2.2762072641769813e-16,0.048888564592801866,"[{""conditional_fidelity"": 0.9971772868348519, ""index"": 0, ""scaled_relative_error"": 0.0590378430812772, ""success_probability"": 0.2970955985275033}, {""conditional_fidelity"": 0.9984862447202201, ""index"": 1, ""scaled_relative_error"": 0.07097987759755996, ""success_probability"": 0.35464552442236824}, {""conditional_fidelity"": 0.9984862447202201, ""index"": 2, ""scaled_relative_error"": 0.07097987759755994, ""success_probability"": 0.3546455244223684}, {""conditional_fidelity"": 0.9971772868348517, ""index"": 3, ""scaled_relative_error"": 0.059037843081277123, ""success_probability"": 0.29709559852750317}]",scaling_dense_model,,0.35464552442236824,,,,,,,,,,,,,,,,,,,,,,,,,,,,,,,,,,,
dirichlet,1.4,0.4,0.5,12,16,240,explicit_overlap,0.5,exact_finite_map,ideal_injection,1.0,by_construction,0.09495743205916288,0.09919571930387257,0.09693499867187136,0.9916439490504476,0.14869922861487067,0.2369625717771591,1.211840841054047,0.0,1.1537126398038993,2.723635594403992e-16,0.08059090300069344,"[{""conditional_fidelity"": 0.9916439490504477, ""index"": 0, ""scaled_relative_error"": 0.09211702094301503, ""success_probability"": 0.14869922861487073}, {""conditional_fidelity"": 0.9964196422756476, ""index"": 1, ""scaled_relative_error"": 0.09693499867187103, ""success_probability"": 0.23696257177715893}, {""conditional_fidelity"": 0.9964196422756474, ""index"": 2, ""scaled_relative_error"": 0.09693499867187136, ""success_probability"": 0.2369625717771591}, {""conditional_fidelity"": 0.9916439490504476, ""index"": 3, ""scaled_relative_error"": 0.09211702094301523, ""success_probability"": 0.14869922861487067}]",scaling_dense_model,,0.23696257177715893,,,,,,,,,,,,,,,,,,,,,,,,,,,,,,,,,,,
dirichlet,1.4,0.4,0.5,12,16,240,explicit_overlap,0.75,exact_finite_map,ideal_injection,1.0,by_construction,0.1110179780724615,0.09572254967434406,0.11422890032754318,0.991213348081403,0.09887839067072826,0.17297537053472803,1.211840841054047,0.0,1.1408944530114822,2.1470642360633257e-16,0.09214589312672285,"[{""conditional_fidelity"": 0.9920656757216967, ""index"": 0, ""scaled_relative_error"": 0.10526427652573306, ""success_probability"": 0.09887839067072829}, {""conditional_fidelity"": 0.9912133480814032, ""index"": 1, ""scaled_relative_error"": 0.11422890032754296, ""success_probability"": 0.1729753705347279}, {""conditional_fidelity"": 0.991213348081403, ""index"": 2, ""scaled_relative_error"": 0.11422890032754318, ""success_probability"": 0.17297537053472803}, {""conditional_fidelity"": 0.9920656757216961, ""index"": 3, ""scaled_relative_error"": 0.10526427652573335, ""success_probability"": 0.09887839067072826}]",scaling_dense_model,,0.1729753705347279,,,,,,,,,,,,,,,,,,,,,,,,,,,,,,,,,,,
dirichlet,1.4,0.4,0.5,12,16,240,explicit_overlap,1.0,exact_finite_map,ideal_injection,1.0,by_construction,0.22098062480484473,0.18057518956839838,0.2603572926757066,0.9322757253407875,0.05571554804511135,0.12287973284959339,1.211840841054047,0.0,1.1936356270045037,2.961522756594774e-16,0.2204793050570243,"[{""conditional_fidelity"": 0.9322757253407875, ""index"": 0, ""scaled_relative_error"": 0.26035729267570645, ""success_probability"": 0.05571554804511135}, {""conditional_fidelity"": 0.9613144772700776, ""index"": 1, ""scaled_relative_error"": 0.19835950746720357, ""success_probability"": 0.12287973284959323}, {""conditional_fidelity"": 0.9613144772700781, ""index"": 2, ""scaled_relative_error"": 0.19835950746720313, ""success_probability"": 0.12287973284959339}, {""conditional_fidelity"": 0.932275725340788, ""index"": 3, ""scaled_relative_error"": 0.2603572926757066, ""success_probability"": 0.05571554804511138}]",scaling_dense_model,,0.12287973284959323,,,,,,,,,,,,,,,,,,,,,,,,,,,,,,,,,,,
dirichlet,1.4,0.4,0.5,12,16,240,explicit_overlap,1.25,exact_finite_map,ideal_injection,1.0,by_construction,0.5436063927851318,0.4900513679753308,0.7612965733684081,0.5919066496361057,0.062133533676244045,0.10420341130338164,1.211840841054047,0.0,0.9711346402659146,3.001187870200746e-16,0.49939411410009615,"[{""conditional_fidelity"": 0.5919066496361058, ""index"": 0, ""scaled_relative_error"": 0.761296573368408, ""success_probability"": 0.062133533676244045}, {""conditional_fidelity"": 0.8456562754003382, ""index"": 1, ""scaled_relative_error"": 0.4084730623594053, ""success_probability"": 0.10420341130338157}, {""conditional_fidelity"": 0.8456562754003382, ""index"": 2, ""scaled_relative_error"": 0.4084730623594052, ""success_probability"": 0.10420341130338164}, {""conditional_fidelity"": 0.5919066496361057, ""index"": 3, ""scaled_relative_error"": 0.7612965733684081, ""success_probability"": 0.062133533676244086}]",scaling_dense_model,,0.10420341130338157,,,,,,,,,,,,,,,,,,,,,,,,,,,,,,,,,,,
dirichlet,1.4,0.4,0.5,12,16,240,explicit_overlap,1.5,exact_finite_map,ideal_injection,1.0,by_construction,0.37436863615222377,0.34196354788764155,0.40608404495871264,0.8365036392500725,0.030746779142767466,0.07696308394614061,1.211840841054047,0.0,1.156264895821719,4.701269215081698e-16,0.3716998943969573,"[{""conditional_fidelity"": 0.8365036392500725, ""index"": 0, ""scaled_relative_error"": 0.40608404495871264, ""success_probability"": 0.030746779142767466}, {""conditional_fidelity"": 0.8726215485986839, ""index"": 1, ""scaled_relative_error"": 0.3600550233387951, ""success_probability"": 0.07696308394614061}, {""conditional_fidelity"": 0.8726215485986839, ""index"": 2, ""scaled_relative_error"": 0.3600550233387951, ""success_probability"": 0.07696308394614061}, {""conditional_fidelity"": 0.8365036392500727, ""index"": 3, ""scaled_relative_error"": 0.40608404495871236, ""success_probability"": 0.030746779142767505}]",scaling_dense_model,,0.07696308394614061,,,,,,,,,,,,,,,,,,,,,,,,,,,,,,,,,,,
dirichlet,1.4,0.4,0.5,12,16,240,explicit_overlap,1.75,exact_finite_map,ideal_injection,1.0,by_construction,0.4758746650397898,0.3619211943091158,0.7439182304391769,0.5670191465987645,0.03230684678460913,0.060911135373165184,1.211840841054047,0.0,1.0693385753850686,7.250996419311133e-16,0.46094592632211884,"[{""conditional_fidelity"": 0.5670191465987645, ""index"": 0, ""scaled_relative_error"": 0.7439182304391767, ""success_probability"": 0.03230684678460913}, {""conditional_fidelity"": 0.907023986824597, ""index"": 1, ""scaled_relative_error"": 0.3051631725665109, ""success_probability"": 0.060911135373165115}, {""conditional_fidelity"": 0.907023986824598, ""index"": 2, ""scaled_relative_error"": 0.3051631725665103, ""success_probability"": 0.060911135373165184}, {""conditional_fidelity"": 0.5670191465987651, ""index"": 3, ""scaled_relative_error"": 0.7439182304391769, ""success_probability"": 0.03230684678460916}]",scaling_dense_model,,0.060911135373165115,,,,,,,,,,,,,,,,,,,,,,,,,,,,,,,,,,,
dirichlet,1.4,0.4,0.5,12,16,240,explicit_overlap,2.0,exact_finite_map,ideal_injection,1.0,by_construction,0.5203529925894731,0.46685046020595855,0.5930700132488315,0.7155938354777445,0.02615686948021653,0.0638152680479584,1.211840841054047,0.0,0.9754495778781718,6.786729643694618e-16,0.47462399441836883,"[{""conditional_fidelity"": 0.7155938354777447, ""index"": 0, ""scaled_relative_error"": 0.5930700132488314, ""success_probability"": 0.02615686948021653}, {""conditional_fidelity"": 0.799323672052665, ""index"": 1, ""scaled_relative_error"": 0.4884411649300104, ""success_probability"": 0.06381526804795837}, {""conditional_fidelity"": 0.7993236720526655, ""index"": 2, ""scaled_relative_error"": 0.4884411649300099, ""success_probability"": 0.0638152680479584}, {""conditional_fidelity"": 0.7155938354777445, ""index"": 3, ""scaled_relative_error"": 0.5930700132488315, ""success_probability"": 0.026156869480216557}]",scaling_dense_model,,0.06381526804795837,,,,,,,,,,,,,,,,,,,,,,,,,,,,,,,,,,,
dirichlet,1.4,0.4,0.5,12,16,240,explicit_overlap,1.0,"[""exact_finite_map"", ""circuit_statevector""]",law_eberly,1.0,,0.2254936655442734,0.1834124275663893,0.27018379957067645,0.927093259909576,0.05744900519724693,0.12096917696944734,1.211840841054047,0.0,1.1929727421467144,1.528559207452211e-14,0.22496645559986145,"[{""conditional_fidelity"": 0.927093259909576, ""index"": 0, ""name"": ""basis_0"", ""scaled_relative_error"": 0.27018379957067645, ""success_probability"": 0.05744900519724749}, {""conditional_fidelity"": 0.960571836564615, ""index"": 1, ""name"": ""basis_1"", ""scaled_relative_error"": 0.1994008368214146, ""success_probability"": 0.12096917696944734}, {""conditional_fidelity"": 0.9605718365646149, ""index"": 2, ""name"": ""basis_2"", ""scaled_relative_error"": 0.19940083682141477, ""success_probability"": 0.12096917696944708}, {""conditional_fidelity"": 0.9270932599095766, ""index"": 3, ""name"": ""basis_3"", ""scaled_relative_error"": 0.27018379957067523, ""success_probability"": 0.05744900519724693}]",scaling_dense_circuit,25,0.12096917696944734,dirichlet_heat_4d,4,ideal_injection,basis_0,0.12137591082898853,0.12287973284959323,8.266568600797918,0.12324586251366583,1.5504650855259802e-16,0.01048388520588305,0.12518232922902536,0.16162067747477069,2.2401218479918906e-16,0.01836848471770059,0.16492142251711028,1.2118408410540469,1.5248108726701702e-16,"{""le_aux_qubits"": 1, ""n_dv_qubits"": 2, ""physical_qumodes"": 1, ""simulator_qubits_per_qumode"": 4}",{},{},[],,,{},[],60.000000000000014,60.000000000000014,0.0,0.0,1.2000000000000002,results_revision/coefficients_dirichlet_r1p4_rp0p4_b0p5_N12.json,970d00e3485fdaafc22b762fbea3fdc7d2c66b73ade3fe365108e20fe088b820,results_revision/viz_dense/scaling_dense_T1.0_N12_NF16_nt25_raw.npz,T1.0_N12_NF16_nt25,1.144230889189815e-14
dirichlet,1.4,0.4,0.5,12,16,240,explicit_overlap,1.0,"[""exact_finite_map"", ""circuit_statevector""]",law_eberly,1.0,,0.2232857268575478,0.18202053646582678,0.2663547430649643,0.9290751444499521,0.05696325714214547,0.12153998357592649,1.211840841054047,0.0,1.193305573061444,2.076342921622273e-14,0.22277168601408703,"[{""conditional_fidelity"": 0.9290751444499521, ""index"": 0, ""name"": ""basis_0"", ""scaled_relative_error"": 0.2663547430649643, ""success_probability"": 0.0569632571421463}, {""conditional_fidelity"": 0.9611105146886636, ""index"": 1, ""name"": ""basis_1"", ""scaled_relative_error"": 0.19824760311005532, ""success_probability"": 0.12153998357592621}, {""conditional_fidelity"": 0.9611105146886636, ""index"": 2, ""name"": ""basis_2"", ""scaled_relative_error"": 0.1982476031100556, ""success_probability"": 0.12153998357592649}, {""conditional_fidelity"": 0.9290751444499538, ""index"": 3, ""name"": ""basis_3"", ""scaled_relative_error"": 0.26635474306496154, ""success_probability"": 0.05696325714214547}]",scaling_dense_circuit,35,0.12153998357592621,dirichlet_heat_4d,4,ideal_injection,basis_0,0.12137591082898853,0.12287973284959323,8.227745064448676,0.12324586251366583,1.5504650855259802e-16,0.007421696624131655,0.12423233814983035,0.16162067747477069,2.2401218479918906e-16,0.013097799379719452,0.1633065816382482,1.2118408410540469,1.5248108726701702e-16,"{""le_aux_qubits"": 1, ""n_dv_qubits"": 2, ""physical_qumodes"": 1, ""simulator_qubits_per_qumode"": 4}",{},{},[],,,{},[],60.000000000000014,60.000000000000014,0.0,0.0,0.8571428571428573,results_revision/coefficients_dirichlet_r1p4_rp0p4_b0p5_N12.json,970d00e3485fdaafc22b762fbea3fdc7d2c66b73ade3fe365108e20fe088b820,results_revision/viz_dense/scaling_dense_T1.0_N12_NF16_nt35_raw.npz,T1.0_N12_NF16_nt35,1.3755952652160967e-14
dirichlet,1.4,0.4,0.5,12,16,240,explicit_overlap,1.0,"[""exact_finite_map"", ""circuit_statevector""]",law_eberly,1.0,,0.22211078007493018,0.181282826810966,0.264007794268048,0.9303003619967514,0.05659383866937683,0.12195590582501346,1.211840841054047,0.0,1.1934760209490596,2.926773353851109e-14,0.22160335272388604,"[{""conditional_fidelity"": 0.9303003619967514, ""index"": 0, ""name"": ""basis_0"", ""scaled_relative_error"": 0.264007794268048, ""success_probability"": 0.056593838669377054}, {""conditional_fidelity"": 0.9613400588076499, ""index"": 1, ""name"": ""basis_1"", ""scaled_relative_error"": 0.1978379473454326, ""success_probability"": 0.12195590582501281}, {""conditional_fidelity"": 0.9613400588076502, ""index"": 2, ""name"": ""basis_2"", ""scaled_relative_error"": 0.19783794734543292, ""success_probability"": 0.12195590582501346}, {""conditional_fidelity"": 0.9303003619967534, ""index"": 3, ""name"": ""basis_3"", ""scaled_relative_error"": 0.26400779426804427, ""success_probability"": 0.05659383866937683}]",scaling_dense_circuit,50,0.12195590582501281,dirichlet_heat_4d,4,ideal_injection,basis_0,0.12137591082898853,0.12287973284959323,8.199684904434557,0.12324586251366583,1.5504650855259802e-16,0.005162371839276254,0.12372883784663097,0.16162067747477069,2.2401218479918906e-16,0.009159973401671668,0.16244724976165872,1.2118408410540469,1.5248108726701702e-16,"{""le_aux_qubits"": 1, ""n_dv_qubits"": 2, ""physical_qumodes"": 1, ""simulator_qubits_per_qumode"": 4}",{},{},[],,,{},[],60.000000000000014,60.000000000000014,0.0,0.0,0.6000000000000001,results_revision/coefficients_dirichlet_r1p4_rp0p4_b0p5_N12.json,970d00e3485fdaafc22b762fbea3fdc7d2c66b73ade3fe365108e20fe088b820,results_revision/viz_dense/scaling_dense_T1.0_N12_NF16_nt50_raw.npz,T1.0_N12_NF16_nt50,2.2847712032022982e-14
dirichlet,1.4,0.4,0.5,12,16,240,explicit_overlap,1.0,"[""exact_finite_map"", ""circuit_statevector""]",law_eberly,1.0,,0.22154126349004952,0.180925990053055,0.26265780494821833,0.9310144010242126,0.05633638026041576,0.12223621292248943,1.211840841054047,0.0,1.1935569820525063,4.159093188448317e-14,0.22103694481519395,"[{""conditional_fidelity"": 0.9310144010242126, ""index"": 0, ""name"": ""basis_0"", ""scaled_relative_error"": 0.26265780494821833, ""success_probability"": 0.0563363802604168}, {""conditional_fidelity"": 0.9614133857746272, ""index"": 1, ""name"": ""basis_1"", ""scaled_relative_error"": 0.19777909790744524, ""success_probability"": 0.12223621292248943}, {""conditional_fidelity"": 0.9614133857746275, ""index"": 2, ""name"": ""basis_2"", ""scaled_relative_error"": 0.19777909790744402, ""success_probability"": 0.12223621292248919}, {""conditional_fidelity"": 0.9310144010242141, ""index"": 3, ""name"": ""basis_3"", ""scaled_relative_error"": 0.26265780494821667, ""success_probability"": 0.05633638026041576}]",scaling_dense_circuit,71,0.12223621292248943,dirichlet_heat_4d,4,ideal_injection,basis_0,0.12137591082898853,0.12287973284959323,8.180881721475656,0.12324586251366583,1.5504650855259802e-16,0.003620272685969657,0.12348529024681709,0.16162067747477069,2.2401218479918906e-16,0.006447773629486604,0.16203071706173167,1.2118408410540469,1.5248108726701702e-16,"{""le_aux_qubits"": 1, ""n_dv_qubits"": 2, ""physical_qumodes"": 1, ""simulator_qubits_per_qumode"": 4}",{},{},[],,,{},[],60.000000000000014,60.000000000000014,0.0,0.0,0.42253521126760574,results_revision/coefficients_dirichlet_r1p4_rp0p4_b0p5_N12.json,970d00e3485fdaafc22b762fbea3fdc7d2c66b73ade3fe365108e20fe088b820,results_revision/viz_dense/scaling_dense_T1.0_N12_NF16_nt71_raw.npz,T1.0_N12_NF16_nt71,2.7406296858376304e-14
dirichlet,1.4,0.4,0.5,12,16,240,explicit_overlap,1.0,"[""exact_finite_map"", ""circuit_statevector""]",law_eberly,1.0,,0.22126328133690662,0.18075199350295312,0.2618567838142889,0.9314442041917163,0.056157448385671264,0.12242636990824507,1.211840841054047,0.0,1.193596107243069,5.872793455303055e-14,0.22076045719859042,"[{""conditional_fidelity"": 0.9314442041917163, ""index"": 0, ""name"": ""basis_0"", ""scaled_relative_error"": 0.2618567838142889, ""success_probability"": 0.05615744838567248}, {""conditional_fidelity"": 0.9614240799277889, ""index"": 1, ""name"": ""basis_1"", ""scaled_relative_error"": 0.19784375593967873, ""success_probability"": 0.12242636990824507}, {""conditional_fidelity"": 0.9614240799277894, ""index"": 2, ""name"": ""basis_2"", ""scaled_relative_error"": 0.19784375593967712, ""success_probability"": 0.12242636990824468}, {""conditional_fidelity"": 0.9314442041917214, ""index"": 3, ""name"": ""basis_3"", ""scaled_relative_error"": 0.26185678381428024, ""success_probability"": 0.056157448385671264}]",scaling_dense_circuit,100,0.12242636990824507,dirichlet_heat_4d,4,ideal_injection,basis_0,0.12137591082898853,0.12287973284959323,8.168174885439063,0.12324586251366583,1.5504650855259802e-16,0.002563182252515389,0.12336653442580443,0.16162067747477069,2.2401218479918906e-16,0.004576907642140474,0.1618274066404831,1.2118408410540469,1.5248108726701702e-16,"{""le_aux_qubits"": 1, ""n_dv_qubits"": 2, ""physical_qumodes"": 1, ""simulator_qubits_per_qumode"": 4}",{},{},[],,,{},[],60.000000000000014,60.000000000000014,0.0,0.0,0.30000000000000004,results_revision/coefficients_dirichlet_r1p4_rp0p4_b0p5_N12.json,970d00e3485fdaafc22b762fbea3fdc7d2c66b73ade3fe365108e20fe088b820,results_revision/viz_dense/scaling_dense_T1.0_N12_NF16_nt100_raw.npz,T1.0_N12_NF16_nt100,2.9043649942265644e-14
dirichlet,1.4,0.4,0.5,12,16,240,explicit_overlap,1.0,"[""exact_finite_map"", ""circuit_statevector""]",law_eberly,1.0,,0.22112280880391913,0.18066411187907785,0.26135268295843345,0.931718475993432,0.05602950168873088,0.12256000706579635,1.211840841054047,0.0,1.1936157806504955,8.241507784681323e-14,0.22062073422868722,"[{""conditional_fidelity"": 0.931718475993432, ""index"": 0, ""name"": ""basis_0"", ""scaled_relative_error"": 0.26135268295843345, ""success_probability"": 0.05602950168873351}, {""conditional_fidelity"": 0.9614120014145682, ""index"": 1, ""name"": ""basis_1"", ""scaled_relative_error"": 0.19794168373421892, ""success_probability"": 0.12256000706579608}, {""conditional_fidelity"": 0.9614120014145685, ""index"": 2, ""name"": ""basis_2"", ""scaled_relative_error"": 0.19794168373421855, ""success_probability"": 0.12256000706579635}, {""conditional_fidelity"": 0.9317184759934375, ""index"": 3, ""name"": ""basis_3"", ""scaled_relative_error"": 0.2613526829584232, ""success_probability"": 0.05602950168873088}]",scaling_dense_circuit,141,0.12256000706579608,dirichlet_heat_4d,4,ideal_injection,basis_0,0.12137591082898853,0.12287973284959323,8.15926845910797,0.12324586251366583,1.5504650855259802e-16,0.0018143001020719922,0.12330655361360372,0.16162067747477069,2.2401218479918906e-16,0.0032456707852431353,0.16172466792314943,1.2118408410540469,1.5248108726701702e-16,"{""le_aux_qubits"": 1, ""n_dv_qubits"": 2, ""physical_qumodes"": 1, ""simulator_qubits_per_qumode"": 4}",{},{},[],,,{},[],60.000000000000014,60.000000000000014,0.0,0.0,0.21276595744680857,results_revision/coefficients_dirichlet_r1p4_rp0p4_b0p5_N12.json,970d00e3485fdaafc22b762fbea3fdc7d2c66b73ade3fe365108e20fe088b820,results_revision/viz_dense/scaling_dense_T1.0_N12_NF16_nt141_raw.npz,T1.0_N12_NF16_nt141,4.489216056679546e-14
dirichlet,1.4,0.4,0.5,12,16,240,explicit_overlap,1.0,"[""exact_finite_map"", ""circuit_statevector""]",law_eberly,1.0,,0.22105129628485318,0.18061938395344107,0.261024333579375,0.9318994035388207,0.05593715950512583,0.12265525083874784,1.211840841054047,0.0,1.1936257709158258,1.176253372415279e-13,0.22054960184180206,"[{""conditional_fidelity"": 0.9318994035388207, ""index"": 0, ""name"": ""basis_0"", ""scaled_relative_error"": 0.261024333579375, ""success_probability"": 0.0559371595051283}, {""conditional_fidelity"": 0.9613932408127466, ""index"": 1, ""name"": ""basis_1"", ""scaled_relative_error"": 0.19803865198686668, ""success_probability"": 0.12265525083874784}, {""conditional_fidelity"": 0.9613932408127464, ""index"": 2, ""name"": ""basis_2"", ""scaled_relative_error"": 0.1980386519868672, ""success_probability"": 0.12265525083874691}, {""conditional_fidelity"": 0.931899403538829, ""index"": 3, ""name"": ""basis_3"", ""scaled_relative_error"": 0.2610243335793602, ""success_probability"": 0.05593715950512583}]",scaling_dense_circuit,200,0.12265525083874784,dirichlet_heat_4d,4,ideal_injection,basis_0,0.12137591082898853,0.12287973284959323,8.152932656056265,0.12324586251366583,1.5504650855259802e-16,0.001277304459059708,0.12327602598803829,0.16162067747477069,2.2401218479918906e-16,0.0022880675391727307,0.16167236513963812,1.2118408410540469,1.5248108726701702e-16,"{""le_aux_qubits"": 1, ""n_dv_qubits"": 2, ""physical_qumodes"": 1, ""simulator_qubits_per_qumode"": 4}",{},{},[],,,{},[],60.000000000000014,60.000000000000014,0.0,0.0,0.15000000000000002,results_revision/coefficients_dirichlet_r1p4_rp0p4_b0p5_N12.json,970d00e3485fdaafc22b762fbea3fdc7d2c66b73ade3fe365108e20fe088b820,results_revision/viz_dense/scaling_dense_T1.0_N12_NF16_nt200_raw.npz,T1.0_N12_NF16_nt200,6.180581095742887e-14
dirichlet,1.4,0.4,0.5,12,16,240,explicit_overlap,1.0,"[""exact_finite_map"", ""circuit_statevector""]",law_eberly,1.0,,0.2210159218896018,0.18059726165499226,0.26081144495997216,0.9320179891190651,0.055872298045983135,0.1227215487599876,1.211840841054047,0.0,1.1936307064240348,1.6863080371514093e-13,0.2205144151191398,"[{""conditional_fidelity"": 0.9320179891190651, ""index"": 0, ""name"": ""basis_0"", ""scaled_relative_error"": 0.26081144495997216, ""success_probability"": 0.05587229804598711}, {""conditional_fidelity"": 0.9613750882088961, ""index"": 1, ""name"": ""basis_1"", ""scaled_relative_error"": 0.19811977103875228, ""success_probability"": 0.1227215487599876}, {""conditional_fidelity"": 0.9613750882088963, ""index"": 2, ""name"": ""basis_2"", ""scaled_relative_error"": 0.19811977103875072, ""success_probability"": 0.12272154875998671}, {""conditional_fidelity"": 0.9320179891190763, ""index"": 3, ""name"": ""basis_3"", ""scaled_relative_error"": 0.2608114449599525, ""success_probability"": 0.055872298045983135}]",scaling_dense_circuit,283,0.1227215487599876,dirichlet_heat_4d,4,ideal_injection,basis_0,0.12137591082898853,0.12287973284959323,8.148528193330968,0.12324586251366583,1.5504650855259802e-16,0.0009018181968794897,0.12326092711559837,0.16162067747477069,2.2401218479918906e-16,0.0016169632742075257,0.1616464930355528,1.2118408410540469,1.5248108726701702e-16,"{""le_aux_qubits"": 1, ""n_dv_qubits"": 2, ""physical_qumodes"": 1, ""simulator_qubits_per_qumode"": 4}",{},{},[],,,{},[],60.000000000000014,60.000000000000014,0.0,0.0,0.10600706713780922,results_revision/coefficients_dirichlet_r1p4_rp0p4_b0p5_N12.json,970d00e3485fdaafc22b762fbea3fdc7d2c66b73ade3fe365108e20fe088b820,results_revision/viz_dense/scaling_dense_T1.0_N12_NF16_nt283_raw.npz,T1.0_N12_NF16_nt283,1.3821502148286943e-13
dirichlet,1.4,0.4,0.5,24,32,240,explicit_overlap,0.25,exact_finite_map,ideal_injection,1.0,by_construction,0.039763386025640335,0.04612386040473648,0.04514893324611264,0.9983760740450467,0.26224802388080914,0.302944957480554,1.262793871817037,0.0,1.247303847883425,-1.718495859021926e-16,0.037777244967352915,"[{""conditional_fidelity"": 0.9989413890288763, ""index"": 0, ""scaled_relative_error"": 0.0327112179141727, ""success_probability"": 0.26224802388080926}, {""conditional_fidelity"": 0.9983760740450467, ""index"": 1, ""scaled_relative_error"": 0.045148933246112515, ""success_probability"": 0.30294495748055383}, {""conditional_fidelity"": 0.998376074045047, ""index"": 2, ""scaled_relative_error"": 0.04514893324611264, ""success_probability"": 0.302944957480554}, {""conditional_fidelity"": 0.9989413890288767, ""index"": 3, ""scaled_relative_error"": 0.03271121791417259, ""success_probability"": 0.26224802388080914}]",scaling_dense_model,,0.30294495748055383,,,,,,,,,,,,,,,,,,,,,,,,,,,,,,,,,,,
dirichlet,1.4,0.4,0.5,24,32,240,explicit_overlap,0.5,exact_finite_map,ideal_injection,1.0,by_construction,0.02744709112625807,0.02905208402588243,0.02836509231037393,0.9994190831096118,0.1376359732767468,0.1981676331482432,1.262793871817037,0.0,1.240171795026122,-1.8874572483407488e-16,0.02051208657754285,"[{""conditional_fidelity"": 0.9994190831096118, ""index"": 0, ""scaled_relative_error"": 0.02610746834216303, ""success_probability"": 0.13763597327674684}, {""conditional_fidelity"": 0.9997721563762978, ""index"": 1, ""scaled_relative_error"": 0.028365092310373746, ""success_probability"": 0.19816763314824312}, {""conditional_fidelity"": 0.9997721563762985, ""index"": 2, ""scaled_relative_error"": 0.02836509231037393, ""success_probability"": 0.1981676331482432}, {""conditional_fidelity"": 0.9994190831096118, ""index"": 3, ""scaled_relative_error"": 0.026107468342163084, ""success_probability"": 0.1376359732767468}]",scaling_dense_model,,0.19816763314824312,,,,,,,,,,,,,,,,,,,,,,,,,,,,,,,,,,,
dirichlet,1.4,0.4,0.5,24,32,240,explicit_overlap,0.75,exact_finite_map,ideal_injection,1.0,by_construction,0.04687692016498964,0.04233307213754124,0.05049051494277647,0.9981939817836831,0.07744571180910817,0.13744410506156876,1.262793871817037,0.0,1.2875359746060167,-6.143135386839471e-16,0.042764963671439546,"[{""conditional_fidelity"": 0.9982834865445196, ""index"": 0, ""scaled_relative_error"": 0.05049051494277647, ""success_probability"": 0.07744571180910817}, {""conditional_fidelity"": 0.9981939817836835, ""index"": 1, ""scaled_relative_error"": 0.044642524099594086, ""success_probability"": 0.13744410506156868}, {""conditional_fidelity"": 0.9981939817836831, ""index"": 2, ""scaled_relative_error"": 0.044642524099593316, ""success_probability"": 0.13744410506156876}, {""conditional_fidelity"": 0.9982834865445194, ""index"": 3, ""scaled_relative_error"": 0.05049051494277643, ""success_probability"": 0.07744571180910817}]",scaling_dense_model,,0.13744410506156868,,,,,,,,,,,,,,,,,,,,,,,,,,,,,,,,,,,
dirichlet,1.4,0.4,0.5,24,32,240,explicit_overlap,1.0,exact_finite_map,ideal_injection,1.0,by_construction,0.05027355795086951,0.03472031824355592,0.06900307385763738,0.9972342457201251,0.05090908090720057,0.10552328628141781,1.262793871817037,0.0,1.3066512050250172,-5.786657449751711e-16,0.03744893390977906,"[{""conditional_fidelity"": 0.9972342457201251, ""index"": 0, ""scaled_relative_error"": 0.06900307385763738, ""success_probability"": 0.05090908090720057}, {""conditional_fidelity"": 0.9993787463807896, ""index"": 1, ""scaled_relative_error"": 0.037541302379092915, ""success_probability"": 0.10552328628141774}, {""conditional_fidelity"": 0.9993787463807893, ""index"": 2, ""scaled_relative_error"": 0.037541302379092235, ""success_probability"": 0.10552328628141781}, {""conditional_fidelity"": 0.9972342457201258, ""index"": 3, ""scaled_relative_error"": 0.06900307385763715, ""success_probability"": 0.05090908090720058}]",scaling_dense_model,,0.10552328628141774,,,,,,,,,,,,,,,,,,,,,,,,,,,,,,,,,,,
dirichlet,1.4,0.4,0.5,24,32,240,explicit_overlap,1.25,exact_finite_map,ideal_injection,1.0,by_construction,0.029939851968008822,0.02773796467888573,0.04259500929913733,0.998281807598353,0.03998855948775317,0.08827033746745133,1.262793871817037,0.0,1.276006022305343,-5.578608682855613e-16,0.028093910450327084,"[{""conditional_fidelity"": 0.998281807598353, ""index"": 0, ""scaled_relative_error"": 0.042595009299137065, ""success_probability"": 0.03998855948775317}, {""conditional_fidelity"": 0.9996316539991029, ""index"": 1, ""scaled_relative_error"": 0.021923596279002974, ""success_probability"": 0.08827033746745123}, {""conditional_fidelity"": 0.9996316539991031, ""index"": 2, ""scaled_relative_error"": 0.021923596279002536, ""success_probability"": 0.08827033746745133}, {""conditional_fidelity"": 0.9982818075983535, ""index"": 3, ""scaled_relative_error"": 0.04259500929913733, ""success_probability"": 0.0399885594877532}]",scaling_dense_model,,0.08827033746745123,,,,,,,,,,,,,,,,,,,,,,,,,,,,,,,,,,,
dirichlet,1.4,0.4,0.5,24,32,240,explicit_overlap,1.5,exact_finite_map,ideal_injection,1.0,by_construction,0.12119870584509214,0.09934119184198796,0.17317116542729055,0.9701244140529669,0.03095803555727093,0.0749701559505141,1.262793871817037,0.0,1.2467766474121698,-4.2632934495741496e-16,0.12052585099368802,"[{""conditional_fidelity"": 0.9701244140529671, ""index"": 0, ""scaled_relative_error"": 0.17317116542729033, ""success_probability"": 0.03095803555727093}, {""conditional_fidelity"": 0.991994667924814, ""index"": 1, ""scaled_relative_error"": 0.09050765529613623, ""success_probability"": 0.074970155950514}, {""conditional_fidelity"": 0.9919946679248139, ""index"": 2, ""scaled_relative_error"": 0.09050765529613645, ""success_probability"": 0.0749701559505141}, {""conditional_fidelity"": 0.9701244140529669, ""index"": 3, ""scaled_relative_error"": 0.17317116542729055, ""success_probability"": 0.03095803555727094}]",scaling_dense_model,,0.074970155950514,,,,,,,,,,,,,,,,,,,,,,,,,,,,,,,,,,,
dirichlet,1.4,0.4,0.5,24,32,240,explicit_overlap,1.75,exact_finite_map,ideal_injection,1.0,by_construction,0.6438041613788015,0.652420791138789,0.649122836141313,0.7091443139551449,0.03541019152156098,0.08730741953952222,1.262793871817037,0.0,0.8870984235035299,-1.9956365204685018e-16,0.5352679381681299,"[{""conditional_fidelity"": 0.7242296707655528, ""index"": 0, ""scaled_relative_error"": 0.6305718256564965, ""success_probability"": 0.03541019152156098}, {""conditional_fidelity"": 0.7091443139551449, ""index"": 1, ""scaled_relative_error"": 0.6491228361413119, ""success_probability"": 0.08730741953952219}, {""conditional_fidelity"": 0.709144313955145, ""index"": 2, ""scaled_relative_error"": 0.649122836141313, ""success_probability"": 0.08730741953952222}, {""conditional_fidelity"": 0.7242296707655531, ""index"": 3, ""scaled_relative_error"": 0.6305718256564969, ""success_probability"": 0.03541019152156101}]",scaling_dense_model,,0.08730741953952219,,,,,,,,,,,,,,,,,,,,,,,,,,,,,,,,,,,
dirichlet,1.4,0.4,0.5,24,32,240,explicit_overlap,2.0,exact_finite_map,ideal_injection,1.0,by_construction,0.15729957614126,0.13365823137735808,0.23908673581674714,0.9430434169547836,0.019144531435518076,0.04785072731768956,1.262793871817037,0.0,1.2683077670339191,-1.0967276385657265e-17,0.1572409733520246,"[{""conditional_fidelity"": 0.9430434169547839, ""index"": 0, ""scaled_relative_error"": 0.23908673581674714, ""success_probability"": 0.019144531435518076}, {""conditional_fidelity"": 0.9882846676575011, ""index"": 1, ""scaled_relative_error"": 0.10887100014887541, ""success_probability"": 0.04785072731768952}, {""conditional_fidelity"": 0.988284667657501, ""index"": 2, ""scaled_relative_error"": 0.10887100014887509, ""success_probability"": 0.04785072731768956}, {""conditional_fidelity"": 0.9430434169547836, ""index"": 3, ""scaled_relative_error"": 0.23908673581674705, ""success_probability"": 0.019144531435518097}]",scaling_dense_model,,0.04785072731768952,,,,,,,,,,,,,,,,,,,,,,,,,,,,,,,,,,,
dirichlet,1.4,0.4,0.5,24,32,240,explicit_overlap,1.0,"[""exact_finite_map"", ""circuit_statevector""]",law_eberly,1.0000000000000004,,0.05038616255865935,0.03443561736172844,0.07234180476846126,0.9963342176501403,0.05140444025266007,0.10543226896453481,1.262793871817037,0.0,1.3049026729115754,1.6063290067151104e-14,0.03871683891842514,"[{""conditional_fidelity"": 0.9963342176501403, ""index"": 0, ""name"": ""basis_0"", ""scaled_relative_error"": 0.07234180476846126, ""success_probability"": 0.05140444025266055}, {""conditional_fidelity"": 0.9996287726681473, ""index"": 1, ""name"": ""basis_1"", ""scaled_relative_error"": 0.03449886474455042, ""success_probability"": 0.10543226896453481}, {""conditional_fidelity"": 0.9996287726681476, ""index"": 2, ""name"": ""basis_2"", ""scaled_relative_error"": 0.034498864744551785, ""success_probability"": 0.10543226896453418}, {""conditional_fidelity"": 0.9963342176501409, ""index"": 3, ""name"": ""basis_3"", ""scaled_relative_error"": 0.07234180476846025, ""success_probability"": 0.05140444025266007}]",scaling_dense_circuit,25,0.10543226896453481,dirichlet_heat_4d,4,ideal_injection,basis_0,0.11177861917307125,0.10552328628141774,9.484762206306865,0.023697250873189104,1.2169530700326757e-16,0.0030717125549383404,0.023502937325336298,0.03676904480771718,1.4781092836718364e-16,0.005768012029142149,0.03685140149855307,1.2627938718170373,2.3942583030731492e-17,"{""le_aux_qubits"": 1, ""n_dv_qubits"": 2, ""physical_qumodes"": 1, ""simulator_qubits_per_qumode"": 5}",{},{},[],,,{},[],124.00000000000003,124.00000000000003,0.0,0.0,2.4800000000000004,results_revision/coefficients_dirichlet_r1p4_rp0p4_b0p5_N24_NF32.json,b4c7b3b5d9ce1e692e2e94bdaf6469f3b81a80bed53bd182bc41ba6c0e33f421,results_revision/viz_dense/scaling_dense_T1.0_N24_NF32_nt25_raw.npz,T1.0_N24_NF32_nt25,9.660473638440488e-15
dirichlet,1.4,0.4,0.5,24,32,240,explicit_overlap,1.0,"[""exact_finite_map"", ""circuit_statevector""]",law_eberly,1.0000000000000004,,0.050339165518855464,0.034249046823256316,0.07138622991437889,0.996591233606152,0.0512592394476195,0.10537337815253485,1.262793871817037,0.0,1.3057834484629316,2.2164138234221938e-14,0.03810141805308144,"[{""conditional_fidelity"": 0.996591233606152, ""index"": 0, ""name"": ""basis_0"", ""scaled_relative_error"": 0.07138622991437686, ""success_probability"": 0.05125923944762029}, {""conditional_fidelity"": 0.9995813683240362, ""index"": 1, ""name"": ""basis_1"", ""scaled_relative_error"": 0.035380881860814846, ""success_probability"": 0.10537337815253446}, {""conditional_fidelity"": 0.9995813683240362, ""index"": 2, ""name"": ""basis_2"", ""scaled_relative_error"": 0.035380881860811834, ""success_probability"": 0.10537337815253485}, {""conditional_fidelity"": 0.9965912336061521, ""index"": 3, ""name"": ""basis_3"", ""scaled_relative_error"": 0.07138622991437889, ""success_probability"": 0.0512592394476195}]",scaling_dense_circuit,35,0.10537337815253446,dirichlet_heat_4d,4,ideal_injection,basis_3,0.11177861917307125,0.10552328628141774,9.490063026663512,0.023697250873189104,1.2169530700326757e-16,0.002182477067031026,0.023375599527776205,0.03676904480771718,1.4781092836718364e-16,0.004088159484893231,0.03681702883163206,1.2627938718170373,2.3942583030731492e-17,"{""le_aux_qubits"": 1, ""n_dv_qubits"": 2, ""physical_qumodes"": 1, ""simulator_qubits_per_qumode"": 5}",{},{},[],,,{},[],124.00000000000003,124.00000000000003,0.0,0.0,1.7714285714285718,results_revision/coefficients_dirichlet_r1p4_rp0p4_b0p5_N24_NF32.json,b4c7b3b5d9ce1e692e2e94bdaf6469f3b81a80bed53bd182bc41ba6c0e33f421,results_revision/viz_dense/scaling_dense_T1.0_N24_NF32_nt35_raw.npz,T1.0_N24_NF32_nt35,1.580318801132545e-14
dirichlet,1.4,0.4,0.5,24,32,240,explicit_overlap,1.0,"[""exact_finite_map"", ""circuit_statevector""]",law_eberly,1.0000000000000004,,0.05030817450055392,0.034495093042087845,0.07066089128042186,0.9967863775910525,0.051151274268865704,0.10537764716003534,1.262793871817037,0.0,1.306232321526264,3.2811428692180204e-14,0.0377704996514748,"[{""conditional_fidelity"": 0.9967863775910525, ""index"": 0, ""name"": ""basis_0"", ""scaled_relative_error"": 0.07066089128042186, ""success_probability"": 0.05115127426886647}, {""conditional_fidelity"": 0.9995319214246129, ""index"": 1, ""name"": ""basis_1"", ""scaled_relative_error"": 0.03603737906171854, ""success_probability"": 0.10537764716003534}, {""conditional_fidelity"": 0.999531921424613, ""index"": 2, ""name"": ""basis_2"", ""scaled_relative_error"": 0.036037379061717965, ""success_probability"": 0.10537764716003473}, {""conditional_fidelity"": 0.9967863775910536, ""index"": 3, ""name"": ""basis_3"", ""scaled_relative_error"": 0.0706608912804218, ""success_probability"": 0.051151274268865704}]",scaling_dense_circuit,50,0.10537764716003534,dirichlet_heat_4d,4,ideal_injection,basis_0,0.11177861917307125,0.10552328628141774,9.489678569889838,0.023697250873189104,1.2169530700326757e-16,0.0015217437519396873,0.02354353056265756,0.03676904480771718,1.4781092836718364e-16,0.002851996514909073,0.03679436263916405,1.2627938718170373,2.3942583030731492e-17,"{""le_aux_qubits"": 1, ""n_dv_qubits"": 2, ""physical_qumodes"": 1, ""simulator_qubits_per_qumode"": 5}",{},{},[],,,{},[],124.00000000000003,124.00000000000003,0.0,0.0,1.2400000000000002,results_revision/coefficients_dirichlet_r1p4_rp0p4_b0p5_N24_NF32.json,b4c7b3b5d9ce1e692e2e94bdaf6469f3b81a80bed53bd182bc41ba6c0e33f421,results_revision/viz_dense/scaling_dense_T1.0_N24_NF32_nt50_raw.npz,T1.0_N24_NF32_nt50,2.0306291187379904e-14
dirichlet,1.4,0.4,0.5,24,32,240,explicit_overlap,1.0,"[""exact_finite_map"", ""circuit_statevector""]",law_eberly,1.0000000000000004,,0.05029136079652836,0.03461000570777108,0.07016302552622204,0.9969207530257956,0.0510777261160694,0.1054021495953488,1.262793871817037,0.0,1.30644498087902,4.6202956989565483e-14,0.03760890308645046,"[{""conditional_fidelity"": 0.9969207530257956, ""index"": 0, ""name"": ""basis_0"", ""scaled_relative_error"": 0.07016302552622204, ""success_probability"": 0.05107772611607018}, {""conditional_fidelity"": 0.999491722291858, ""index"": 1, ""name"": ""basis_1"", ""scaled_relative_error"": 0.036486222463097566, ""success_probability"": 0.1054021495953483}, {""conditional_fidelity"": 0.9994917222918582, ""index"": 2, ""name"": ""basis_2"", ""scaled_relative_error"": 0.03648622246309254, ""success_probability"": 0.1054021495953488}, {""conditional_fidelity"": 0.9969207530257966, ""index"": 3, ""name"": ""basis_3"", ""scaled_relative_error"": 0.07016302552621842, ""success_probability"": 0.0510777261160694}]",scaling_dense_circuit,71,0.1054021495953483,dirichlet_heat_4d,4,ideal_injection,basis_0,0.11177861917307125,0.10552328628141774,9.487472540542312,0.023697250873189104,1.2169530700326757e-16,0.0010681650290994898,0.023621960554229073,0.03676904480771718,1.4781092836718364e-16,0.0020055104173388127,0.0367820654423493,1.2627938718170373,2.3942583030731492e-17,"{""le_aux_qubits"": 1, ""n_dv_qubits"": 2, ""physical_qumodes"": 1, ""simulator_qubits_per_qumode"": 5}",{},{},[],,,{},[],124.00000000000003,124.00000000000003,0.0,0.0,0.8732394366197185,results_revision/coefficients_dirichlet_r1p4_rp0p4_b0p5_N24_NF32.json,b4c7b3b5d9ce1e692e2e94bdaf6469f3b81a80bed53bd182bc41ba6c0e33f421,results_revision/viz_dense/scaling_dense_T1.0_N24_NF32_nt71_raw.npz,T1.0_N24_NF32_nt71,3.81545609109927e-14
dirichlet,1.4,0.4,0.5,24,32,240,explicit_overlap,1.0,"[""exact_finite_map"", ""circuit_statevector""]",law_eberly,1.0000000000000004,,0.05028269366468382,0.03466505197871551,0.06982234785204942,0.9970128763486586,0.051027681632859166,0.10542854223538349,1.262793871817037,0.0,1.3065476194400814,6.563840967166892e-14,0.03752970193771091,"[{""conditional_fidelity"": 0.9970128763486586, ""index"": 0, ""name"": ""basis_0"", ""scaled_relative_error"": 0.06982234785204942, ""success_probability"": 0.051027681632860485}, {""conditional_fidelity"": 0.9994613338891419, ""index"": 1, ""name"": ""basis_1"", ""scaled_relative_error"": 0.0367940833509809, ""success_probability"": 0.10542854223538349}, {""conditional_fidelity"": 0.9994613338891422, ""index"": 2, ""name"": ""basis_2"", ""scaled_relative_error"": 0.03679408335097856, ""success_probability"": 0.10542854223538248}, {""conditional_fidelity"": 0.9970128763486605, ""index"": 3, ""name"": ""basis_3"", ""scaled_relative_error"": 0.06982234785204854, ""success_probability"": 0.051027681632859166}]",scaling_dense_circuit,100,0.10542854223538349,dirichlet_heat_4d,4,ideal_injection,basis_0,0.11177861917307125,0.10552328628141774,9.485097477373486,0.023697250873189104,1.2169530700326757e-16,0.0007563917963349364,0.023659530638784558,0.03676904480771718,1.4781092836718364e-16,0.001422957935030437,0.03677572648063392,1.2627938718170373,2.3942583030731492e-17,"{""le_aux_qubits"": 1, ""n_dv_qubits"": 2, ""physical_qumodes"": 1, ""simulator_qubits_per_qumode"": 5}",{},{},[],,,{},[],124.00000000000003,124.00000000000003,0.0,0.0,0.6200000000000001,results_revision/coefficients_dirichlet_r1p4_rp0p4_b0p5_N24_NF32.json,b4c7b3b5d9ce1e692e2e94bdaf6469f3b81a80bed53bd182bc41ba6c0e33f421,results_revision/viz_dense/scaling_dense_T1.0_N24_NF32_nt100_raw.npz,T1.0_N24_NF32_nt100,3.1817492475267933e-14
dirichlet,1.4,0.4,0.5,24,32,240,explicit_overlap,1.0,"[""exact_finite_map"", ""circuit_statevector""]",law_eberly,1.0000000000000004,,0.05027819476967586,0.034692606924324826,0.06958180035493597,0.9970779537743895,0.05099254309810882,0.10545180036852636,1.262793871817037,0.0,1.3065991967057324,8.934197105628412e-14,0.03748959283123638,"[{""conditional_fidelity"": 0.9970779537743895, ""index"": 0, ""name"": ""basis_0"", ""scaled_relative_error"": 0.06958180035493597, ""success_probability"": 0.05099254309811054}, {""conditional_fidelity"": 0.999438474441012, ""index"": 1, ""name"": ""basis_1"", ""scaled_relative_error"": 0.037012277265992065, ""success_probability"": 0.10545180036852501}, {""conditional_fidelity"": 0.9994384744410122, ""index"": 2, ""name"": ""basis_2"", ""scaled_relative_error"": 0.03701227726598221, ""success_probability"": 0.10545180036852636}, {""conditional_fidelity"": 0.9970779537743912, ""index"": 3, ""name"": ""basis_3"", ""scaled_relative_error"": 0.06958180035493583, ""success_probability"": 0.05099254309810882}]",scaling_dense_circuit,141,0.10545180036852501,dirichlet_heat_4d,4,ideal_injection,basis_0,0.11177861917307125,0.10552328628141774,9.483005472692502,0.023697250873189104,1.2169530700326757e-16,0.0005353132836407326,0.023678337392061433,0.03676904480771718,1.4781092836718364e-16,0.001008859210685232,0.036772436081488225,1.2627938718170373,2.3942583030731492e-17,"{""le_aux_qubits"": 1, ""n_dv_qubits"": 2, ""physical_qumodes"": 1, ""simulator_qubits_per_qumode"": 5}",{},{},[],,,{},[],124.00000000000003,124.00000000000003,0.0,0.0,0.43971631205673767,results_revision/coefficients_dirichlet_r1p4_rp0p4_b0p5_N24_NF32.json,b4c7b3b5d9ce1e692e2e94bdaf6469f3b81a80bed53bd182bc41ba6c0e33f421,results_revision/viz_dense/scaling_dense_T1.0_N24_NF32_nt141_raw.npz,T1.0_N24_NF32_nt141,3.384306412463256e-14
dirichlet,1.4,0.4,0.5,24,32,240,explicit_overlap,1.0,"[""exact_finite_map"", ""circuit_statevector""]",law_eberly,1.0000000000000004,,0.050275873176508286,0.03470656712014566,0.06940986052665195,0.9971244535832755,0.05096756125901894,0.10547075250528867,1.262793871817037,0.0,1.3066253794883813,1.304906822575684e-13,0.03746915090452768,"[{""conditional_fidelity"": 0.9971244535832755, ""index"": 0, ""name"": ""basis_0"", ""scaled_relative_error"": 0.06940986052664878, ""success_probability"": 0.050967561259021875}, {""conditional_fidelity"": 0.9994214253584237, ""index"": 1, ""name"": ""basis_1"", ""scaled_relative_error"": 0.037168791866420275, ""success_probability"": 0.10547075250528752}, {""conditional_fidelity"": 0.9994214253584248, ""index"": 2, ""name"": ""basis_2"", ""scaled_relative_error"": 0.03716879186640859, ""success_probability"": 0.10547075250528867}, {""conditional_fidelity"": 0.9971244535832786, ""index"": 3, ""name"": ""basis_3"", ""scaled_relative_error"": 0.06940986052665195, ""success_probability"": 0.05096756125901894}]",scaling_dense_circuit,200,0.10547075250528752,dirichlet_heat_4d,4,ideal_injection,basis_3,0.11177861917307125,0.10552328628141774,9.481301462695711,0.023697250873189104,1.2169530700326757e-16,0.0003767726940280786,0.023687865480493238,0.03676904480771718,1.4781092836718364e-16,0.0007111290579996461,0.036770738116063,1.2627938718170373,2.3942583030731492e-17,"{""le_aux_qubits"": 1, ""n_dv_qubits"": 2, ""physical_qumodes"": 1, ""simulator_qubits_per_qumode"": 5}",{},{},[],,,{},[],124.00000000000003,124.00000000000003,0.0,0.0,0.31000000000000005,results_revision/coefficients_dirichlet_r1p4_rp0p4_b0p5_N24_NF32.json,b4c7b3b5d9ce1e692e2e94bdaf6469f3b81a80bed53bd182bc41ba6c0e33f421,results_revision/viz_dense/scaling_dense_T1.0_N24_NF32_nt200_raw.npz,T1.0_N24_NF32_nt200,5.75084289972616e-14
dirichlet,1.4,0.4,0.5,24,32,240,explicit_overlap,1.0,"[""exact_finite_map"", ""circuit_statevector""]",law_eberly,1.0000000000000004,,0.05027471690861457,0.03471345578448376,0.06928994372078705,0.9971568612943111,0.0509502202623798,0.1054851154442495,1.262793871817037,0.0,1.306638312509257,1.841482155087182e-13,0.03745903328467264,"[{""conditional_fidelity"": 0.9971568612943111, ""index"": 0, ""name"": ""basis_0"", ""scaled_relative_error"": 0.06928994372078358, ""success_probability"": 0.050950220262383814}, {""conditional_fidelity"": 0.9994091855806211, ""index"": 1, ""name"": ""basis_1"", ""scaled_relative_error"": 0.037278263505119175, ""success_probability"": 0.10548511544424892}, {""conditional_fidelity"": 0.9994091855806216, ""index"": 2, ""name"": ""basis_2"", ""scaled_relative_error"": 0.03727826350510498, ""success_probability"": 0.1054851154442495}, {""conditional_fidelity"": 0.997156861294314, ""index"": 3, ""name"": ""basis_3"", ""scaled_relative_error"": 0.06928994372078705, ""success_probability"": 0.0509502202623798}]",scaling_dense_circuit,283,0.10548511544424892,dirichlet_heat_4d,4,ideal_injection,basis_3,0.11177861917307125,0.10552328628141774,9.48001048099076,0.023697250873189104,1.2169530700326757e-16,0.000265944441732393,0.023692567119627306,0.03676904480771718,1.4781092836718364e-16,0.0005025242744439284,0.03676989244554102,1.2627938718170373,2.3942583030731492e-17,"{""le_aux_qubits"": 1, ""n_dv_qubits"": 2, ""physical_qumodes"": 1, ""simulator_qubits_per_qumode"": 5}",{},{},[],,,{},[],124.00000000000003,124.00000000000003,0.0,0.0,0.2190812720848057,results_revision/coefficients_dirichlet_r1p4_rp0p4_b0p5_N24_NF32.json,b4c7b3b5d9ce1e692e2e94bdaf6469f3b81a80bed53bd182bc41ba6c0e33f421,results_revision/viz_dense/scaling_dense_T1.0_N24_NF32_nt283_raw.npz,T1.0_N24_NF32_nt283,8.521275931725314e-14
dirichlet,1.4,0.4,0.5,48,64,240,explicit_overlap,0.25,exact_finite_map,ideal_injection,1.0,by_construction,0.009318991505315883,0.008628805104966625,0.009874826221279545,0.9999189218532966,0.03397916416894287,0.03859194143035827,3.4838938662886987,0.0,3.483213048538326,-1.3141297902209483e-15,0.009316941699045685,"[{""conditional_fidelity"": 0.9999189218532966, ""index"": 0, ""scaled_relative_error"": 0.009874826221279312, ""success_probability"": 0.033979164168942894}, {""conditional_fidelity"": 0.9999384394026805, ""index"": 1, ""scaled_relative_error"": 0.008791933472254898, ""success_probability"": 0.03859194143035827}, {""conditional_fidelity"": 0.9999384394026805, ""index"": 2, ""scaled_relative_error"": 0.008791933472254746, ""success_probability"": 0.03859194143035827}, {""conditional_fidelity"": 0.9999189218532967, ""index"": 3, ""scaled_relative_error"": 0.009874826221279545, ""success_probability"": 0.03397916416894287}]",scaling_dense_model,,0.03859194143035827,,,,,,,,,,,,,,,,,,,,,,,,,,,,,,,,,,,
dirichlet,1.4,0.4,0.5,48,64,240,explicit_overlap,0.5,exact_finite_map,ideal_injection,1.0,by_construction,0.027089398736641408,0.023821495545592836,0.029037606195611763,0.9996484226714911,0.017092276375876788,0.0237366909179327,3.4838938662886987,0.0,3.556834382480043,-1.3050042684743199e-15,0.017703795129905383,"[{""conditional_fidelity"": 0.9997497066847396, ""index"": 0, ""scaled_relative_error"": 0.024098172449408282, ""success_probability"": 0.017092276375876802}, {""conditional_fidelity"": 0.9996484226714911, ""index"": 1, ""scaled_relative_error"": 0.029037606195611763, ""success_probability"": 0.02373669091793269}, {""conditional_fidelity"": 0.9996484226714915, ""index"": 2, ""scaled_relative_error"": 0.029037606195611486, ""success_probability"": 0.0237366909179327}, {""conditional_fidelity"": 0.9997497066847396, ""index"": 3, ""scaled_relative_error"": 0.02409817244940805, ""success_probability"": 0.017092276375876788}]",scaling_dense_model,,0.02373669091793269,,,,,,,,,,,,,,,,,,,,,,,,,,,,,,,,,,,
dirichlet,1.4,0.4,0.5,48,64,240,explicit_overlap,0.75,exact_finite_map,ideal_injection,1.0,by_construction,0.024651908846125756,0.02097312277497003,0.02567864605965605,0.9998250116041004,0.010335394129650252,0.017793595978881725,3.4838938662886987,0.0,3.5617169423929154,-1.7739889121651483e-15,0.011417606315861964,"[{""conditional_fidelity"": 0.9998250116041009, ""index"": 0, ""scaled_relative_error"": 0.02567864605965605, ""success_probability"": 0.010335394129650257}, {""conditional_fidelity"": 0.9998955999295336, ""index"": 1, ""scaled_relative_error"": 0.024035031399884946, ""success_probability"": 0.017793595978881718}, {""conditional_fidelity"": 0.9998955999295333, ""index"": 2, ""scaled_relative_error"": 0.024035031399883822, ""success_probability"": 0.017793595978881725}, {""conditional_fidelity"": 0.9998250116041004, ""index"": 3, ""scaled_relative_error"": 0.025678646059655825, ""success_probability"": 0.010335394129650252}]",scaling_dense_model,,0.017793595978881718,,,,,,,,,,,,,,,,,,,,,,,,,,,,,,,,,,,
dirichlet,1.4,0.4,0.5,48,64,240,explicit_overlap,1.0,exact_finite_map,ideal_injection,1.0,by_construction,0.02973562752169814,0.022575732868989503,0.041212406442176906,0.9986420358218195,0.00707141922980651,0.014564747483318215,3.4838938662886987,0.0,3.514486949545219,-1.672884707906647e-15,0.028434035699895444,"[{""conditional_fidelity"": 0.9986420358218197, ""index"": 0, ""scaled_relative_error"": 0.041212406442176906, ""success_probability"": 0.00707141922980651}, {""conditional_fidelity"": 0.9995384849158886, ""index"": 1, ""scaled_relative_error"": 0.021833113064310714, ""success_probability"": 0.0145647474833182}, {""conditional_fidelity"": 0.9995384849158886, ""index"": 2, ""scaled_relative_error"": 0.021833113064310208, ""success_probability"": 0.014564747483318215}, {""conditional_fidelity"": 0.9986420358218195, ""index"": 3, ""scaled_relative_error"": 0.041212406442176705, ""success_probability"": 0.00707141922980651}]",scaling_dense_model,,0.0145647474833182,,,,,,,,,,,,,,,,,,,,,,,,,,,,,,,,,,,
dirichlet,1.4,0.4,0.5,48,64,240,explicit_overlap,1.25,exact_finite_map,ideal_injection,1.0,by_construction,0.43655125739529554,0.4538504191039505,0.4469448178778032,0.8356818125918826,0.006245844263451152,0.014403093648366627,3.4838938662886987,0.0,2.917707171607012,-1.0917615220460347e-15,0.3986283800928692,"[{""conditional_fidelity"": 0.853652560250429, ""index"": 0, ""scaled_relative_error"": 0.4126772235396793, ""success_probability"": 0.006245844263451152}, {""conditional_fidelity"": 0.8356818125918827, ""index"": 1, ""scaled_relative_error"": 0.4469448178778031, ""success_probability"": 0.014403093648366618}, {""conditional_fidelity"": 0.8356818125918826, ""index"": 2, ""scaled_relative_error"": 0.4469448178778032, ""success_probability"": 0.014403093648366627}, {""conditional_fidelity"": 0.8536525602504289, ""index"": 3, ""scaled_relative_error"": 0.412677223539679, ""success_probability"": 0.0062458442634511545}]",scaling_dense_model,,0.014403093648366618,,,,,,,,,,,,,,,,,,,,,,,,,,,,,,,,,,,
dirichlet,1.4,0.4,0.5,48,64,240,explicit_overlap,1.5,exact_finite_map,ideal_injection,1.0,by_construction,0.030644896374245605,0.02667951420635273,0.04500427386372711,0.9982737110101909,0.003955978809806573,0.009391513331800345,3.4838938662886987,0.0,3.536851199556123,-4.894352817339919e-16,0.0267409563964365,"[{""conditional_fidelity"": 0.9982737110101909, ""index"": 0, ""scaled_relative_error"": 0.04500427386372711, ""success_probability"": 0.003955978809806573}, {""conditional_fidelity"": 0.9997177687269792, ""index"": 1, ""scaled_relative_error"": 0.021857998826486494, ""success_probability"": 0.009391513331800336}, {""conditional_fidelity"": 0.9997177687269794, ""index"": 2, ""scaled_relative_error"": 0.021857998826485484, ""success_probability"": 0.009391513331800345}, {""conditional_fidelity"": 0.9982737110101909, ""index"": 3, ""scaled_relative_error"": 0.04500427386372693, ""success_probability"": 0.003955978809806577}]",scaling_dense_model,,0.009391513331800336,,,,,,,,,,,,,,,,,,,,,,,,,,,,,,,,,,,
dirichlet,1.4,0.4,0.5,48,64,240,explicit_overlap,1.75,exact_finite_map,ideal_injection,1.0,by_construction,2.324865481277913,2.2971129142820583,2.365800764398484,0.1570280364211532,0.021445995962725433,0.05010553783078241,3.4838938662886987,0.0,0.5460446480194947,-9.029177738914518e-17,0.9178125690150032,"[{""conditional_fidelity"": 0.1570280364211532, ""index"": 0, ""scaled_relative_error"": 2.3658007643984815, ""success_probability"": 0.021445995962725433}, {""conditional_fidelity"": 0.15789498487342954, ""index"": 1, ""scaled_relative_error"": 2.3079638205415924, ""success_probability"": 0.05010553783078241}, {""conditional_fidelity"": 0.15789498487342934, ""index"": 2, ""scaled_relative_error"": 2.307963820541594, ""success_probability"": 0.050105537830782365}, {""conditional_fidelity"": 0.15702803642115357, ""index"": 3, ""scaled_relative_error"": 2.365800764398484, ""success_probability"": 0.02144599596272545}]",scaling_dense_model,,0.05010553783078241,,,,,,,,,,,,,,,,,,,,,,,,,,,,,,,,,,,
dirichlet,1.4,0.4,0.5,48,64,240,explicit_overlap,2.0,exact_finite_map,ideal_injection,1.0,by_construction,1.4336985121440444,1.4467837742159344,1.4417537624258587,0.32898334843619875,0.007807658531717568,0.02017809714739233,3.4838938662886987,0.0,1.1438261175518567,-4.0611204236472947e-16,0.8177083875118054,"[{""conditional_fidelity"": 0.33747727629042595, ""index"": 0, ""scaled_relative_error"": 1.4132364363076069, ""success_probability"": 0.007807658531717568}, {""conditional_fidelity"": 0.32898334843619875, ""index"": 1, ""scaled_relative_error"": 1.4417537624258587, ""success_probability"": 0.02017809714739233}, {""conditional_fidelity"": 0.32898334843619886, ""index"": 2, ""scaled_relative_error"": 1.4417537624258587, ""success_probability"": 0.020178097147392313}, {""conditional_fidelity"": 0.3374772762904261, ""index"": 3, ""scaled_relative_error"": 1.4132364363076073, ""success_probability"": 0.007807658531717575}]",scaling_dense_model,,0.02017809714739233,,,,,,,,,,,,,,,,,,,,,,,,,,,,,,,,,,,
dirichlet,1.4,0.4,0.5,48,64,240,explicit_overlap,1.0,"[""exact_finite_map"", ""circuit_statevector""]",law_eberly,1.0,,0.03372772086149371,0.024817863077932285,0.04841350451630128,0.9978351150036733,0.0071389198623371735,0.014532954372999422,3.4838938662886987,0.0,3.5111177028263993,3.980556628320374e-14,0.03282537841305516,"[{""conditional_fidelity"": 0.9978351150036733, ""index"": 0, ""name"": ""basis_0"", ""scaled_relative_error"": 0.04841350451630128, ""success_probability"": 0.0071389198623372134}, {""conditional_fidelity"": 0.9994907673054808, ""index"": 1, ""name"": ""basis_1"", ""scaled_relative_error"": 0.02310453284351927, ""success_probability"": 0.014532954372999419}, {""conditional_fidelity"": 0.999490767305481, ""index"": 2, ""name"": ""basis_2"", ""scaled_relative_error"": 0.023104532843517878, ""success_probability"": 0.014532954372999422}, {""conditional_fidelity"": 0.9978351150036738, ""index"": 3, ""name"": ""basis_3"", ""scaled_relative_error"": 0.04841350451629841, ""success_probability"": 0.0071389198623371735}]",scaling_dense_circuit,25,0.014532954372999419,dirichlet_heat_4d,4,ideal_injection,basis_0,0.014685672515185213,0.0145647474833182,68.80913366506445,0.015408349707216122,8.797404074670307e-17,0.0018458207750528975,0.016938644495384843,0.021748025508745536,1.3910502102342482e-16,0.0028369750146779995,0.02466776035287534,3.4838938662886987,-7.113643224685169e-17,"{""le_aux_qubits"": 1, ""n_dv_qubits"": 2, ""physical_qumodes"": 1, ""simulator_qubits_per_qumode"": 6}",{},{},[],,,{},[],252.00000000000006,252.00000000000006,0.0,0.0,5.040000000000001,results_revision/coefficients_dirichlet_r1p4_rp0p4_b0p5_N48.json,4f491cbee47173661ba8f14be2ac09827ba31fb68d2f69e04773e465112283cf,results_revision/viz_dense/scaling_dense_T1.0_N48_NF64_nt25_raw.npz,T1.0_N48_NF64_nt25,1.0370324145179111e-14
dirichlet,1.4,0.4,0.5,48,64,240,explicit_overlap,1.0,"[""exact_finite_map"", ""circuit_statevector""]",law_eberly,1.0,,0.03187470377172508,0.0238559562890531,0.046117188177783625,0.9981026901299858,0.0071152322569315455,0.014542097600445652,3.4838938662886987,0.0,3.5125212761687674,5.678275007628452e-14,0.03081615877800892,"[{""conditional_fidelity"": 0.9981026901299858, ""index"": 0, ""name"": ""basis_0"", ""scaled_relative_error"": 0.046117188177783625, ""success_probability"": 0.00711523225693158}, {""conditional_fidelity"": 0.9995618550290088, ""index"": 1, ""name"": ""basis_1"", ""scaled_relative_error"": 0.02144897125457423, ""success_probability"": 0.01454209760044563}, {""conditional_fidelity"": 0.9995618550290086, ""index"": 2, ""name"": ""basis_2"", ""scaled_relative_error"": 0.021448971254574664, ""success_probability"": 0.014542097600445652}, {""conditional_fidelity"": 0.9981026901299862, ""index"": 3, ""name"": ""basis_3"", ""scaled_relative_error"": 0.046117188177781876, ""success_probability"": 0.0071152322569315455}]",scaling_dense_circuit,35,0.01454209760044563,dirichlet_heat_4d,4,ideal_injection,basis_0,0.014685672515185213,0.0145647474833182,68.76587047313971,0.015408349707216122,8.797404074670307e-17,0.001277340024525802,0.016282125556451314,0.021748025508745536,1.3910502102342482e-16,0.0020114580477335804,0.02331250181975634,3.4838938662886987,-7.113643224685169e-17,"{""le_aux_qubits"": 1, ""n_dv_qubits"": 2, ""physical_qumodes"": 1, ""simulator_qubits_per_qumode"": 6}",{},{},[],,,{},[],252.00000000000006,252.00000000000006,0.0,0.0,3.600000000000001,results_revision/coefficients_dirichlet_r1p4_rp0p4_b0p5_N48.json,4f491cbee47173661ba8f14be2ac09827ba31fb68d2f69e04773e465112283cf,results_revision/viz_dense/scaling_dense_T1.0_N48_NF64_nt35_raw.npz,T1.0_N48_NF64_nt35,1.814380803922822e-14
dirichlet,1.4,0.4,0.5,48,64,240,explicit_overlap,1.0,"[""exact_finite_map"", ""circuit_statevector""]",law_eberly,1.0,,0.03081090928903341,0.02324170079792775,0.04443910532368258,0.9982909960309859,0.007099890768557391,0.014547405291130517,3.4838938662886987,0.0,3.5134602048702903,8.443899572193043e-14,0.02964050246480439,"[{""conditional_fidelity"": 0.9982909960309859, ""index"": 0, ""name"": ""basis_0"", ""scaled_relative_error"": 0.04443910532368258, ""success_probability"": 0.007099890768557421}, {""conditional_fidelity"": 0.9995842941068749, ""index"": 1, ""name"": ""basis_1"", ""scaled_relative_error"": 0.020881890042440874, ""success_probability"": 0.014547405291130435}, {""conditional_fidelity"": 0.9995842941068749, ""index"": 2, ""name"": ""basis_2"", ""scaled_relative_error"": 0.020881890042440787, ""success_probability"": 0.014547405291130517}, {""conditional_fidelity"": 0.998290996030987, ""index"": 3, ""name"": ""basis_3"", ""scaled_relative_error"": 0.04443910532367761, ""success_probability"": 0.007099890768557391}]",scaling_dense_circuit,50,0.014547405291130435,dirichlet_heat_4d,4,ideal_injection,basis_0,0.014685672515185213,0.0145647474833182,68.7407809150475,0.015408349707216122,8.797404074670307e-17,0.000867555215387493,0.015862884973132842,0.021748025508745536,1.3910502102342482e-16,0.0014010554659588416,0.02253446444594409,3.4838938662886987,-7.113643224685169e-17,"{""le_aux_qubits"": 1, ""n_dv_qubits"": 2, ""physical_qumodes"": 1, ""simulator_qubits_per_qumode"": 6}",{},{},[],,,{},[],252.00000000000006,252.00000000000006,0.0,0.0,2.5200000000000005,results_revision/coefficients_dirichlet_r1p4_rp0p4_b0p5_N48.json,4f491cbee47173661ba8f14be2ac09827ba31fb68d2f69e04773e465112283cf,results_revision/viz_dense/scaling_dense_T1.0_N48_NF64_nt50_raw.npz,T1.0_N48_NF64_nt50,1.730967576442263e-14
dirichlet,1.4,0.4,0.5,48,64,240,explicit_overlap,1.0,"[""exact_finite_map"", ""circuit_statevector""]",law_eberly,1.0,,0.030275489797433944,0.022915797037965605,0.0433574412770264,0.9984097169942981,0.007090452604532304,0.014551414643660686,3.4838938662886987,0.0,3.513962595028382,1.208064438383498e-13,0.029042141881515167,"[{""conditional_fidelity"": 0.9984097169942981, ""index"": 0, ""name"": ""basis_0"", ""scaled_relative_error"": 0.0433574412770264, ""success_probability"": 0.007090452604532391}, {""conditional_fidelity"": 0.9995846239686027, ""index"": 1, ""name"": ""basis_1"", ""scaled_relative_error"": 0.020844818673009368, ""success_probability"": 0.014551414643660686}, {""conditional_fidelity"": 0.9995846239686023, ""index"": 2, ""name"": ""basis_2"", ""scaled_relative_error"": 0.020844818673006325, ""success_probability"": 0.014551414643660679}, {""conditional_fidelity"": 0.9984097169942995, ""index"": 3, ""name"": ""basis_3"", ""scaled_relative_error"": 0.04335744127702014, ""success_probability"": 0.007090452604532304}]",scaling_dense_circuit,71,0.014551414643660686,dirichlet_heat_4d,4,ideal_injection,basis_0,0.014685672515185213,0.0145647474833182,68.72184076176053,0.015408349707216122,8.797404074670307e-17,0.0005969212308587165,0.01564044970896956,0.021748025508745536,1.3910502102342482e-16,0.000984024424955676,0.022142869657749767,3.4838938662886987,-7.113643224685169e-17,"{""le_aux_qubits"": 1, ""n_dv_qubits"": 2, ""physical_qumodes"": 1, ""simulator_qubits_per_qumode"": 6}",{},{},[],,,{},[],252.00000000000006,252.00000000000006,0.0,0.0,1.774647887323944,results_revision/coefficients_dirichlet_r1p4_rp0p4_b0p5_N48.json,4f491cbee47173661ba8f14be2ac09827ba31fb68d2f69e04773e465112283cf,results_revision/viz_dense/scaling_dense_T1.0_N48_NF64_nt71_raw.npz,T1.0_N48_NF64_nt71,3.8332492625015996e-14
dirichlet,1.4,0.4,0.5,48,64,240,explicit_overlap,1.0,"[""exact_finite_map"", ""circuit_statevector""]",law_eberly,1.0,,0.030009404265715068,0.02274963590438514,0.04266432097113018,0.9984849683289673,0.007084454968621185,0.014554629757144168,3.4838938662886987,0.0,3.5142189091646396,1.673622739679672e-13,0.02874303495622632,"[{""conditional_fidelity"": 0.9984849683289673, ""index"": 0, ""name"": ""basis_0"", ""scaled_relative_error"": 0.04266432097113018, ""success_probability"": 0.007084454968621271}, {""conditional_fidelity"": 0.9995778739081201, ""index"": 1, ""name"": ""basis_1"", ""scaled_relative_error"": 0.020982800811996445, ""success_probability"": 0.014554629757144034}, {""conditional_fidelity"": 0.9995778739081204, ""index"": 2, ""name"": ""basis_2"", ""scaled_relative_error"": 0.020982800811989274, ""success_probability"": 0.014554629757144168}, {""conditional_fidelity"": 0.9984849683289689, ""index"": 3, ""name"": ""basis_3"", ""scaled_relative_error"": 0.042664320971117796, ""success_probability"": 0.007084454968621185}]",scaling_dense_circuit,100,0.014554629757144034,dirichlet_heat_4d,4,ideal_injection,basis_0,0.014685672515185213,0.0145647474833182,68.70666012710885,0.015408349707216122,8.797404074670307e-17,0.0004166648741938426,0.01552704170273504,0.021748025508745536,1.3910502102342482e-16,0.0006977002591839139,0.021948260180377627,3.4838938662886987,-7.113643224685169e-17,"{""le_aux_qubits"": 1, ""n_dv_qubits"": 2, ""physical_qumodes"": 1, ""simulator_qubits_per_qumode"": 6}",{},{},[],,,{},[],252.00000000000006,252.00000000000006,0.0,0.0,1.2600000000000002,results_revision/coefficients_dirichlet_r1p4_rp0p4_b0p5_N48.json,4f491cbee47173661ba8f14be2ac09827ba31fb68d2f69e04773e465112283cf,results_revision/viz_dense/scaling_dense_T1.0_N48_NF64_nt100_raw.npz,T1.0_N48_NF64_nt100,2.5944662072607526e-14
dirichlet,1.4,0.4,0.5,48,64,240,explicit_overlap,1.0,"[""exact_finite_map"", ""circuit_statevector""]",law_eberly,1.0,,0.02987375140450903,0.022663843569940327,0.04220331020613393,0.9985347994096951,0.007080431392744059,0.014557214312937019,3.4838938662886987,0.0,3.5143511854751273,2.353335175767132e-13,0.028590089795213252,"[{""conditional_fidelity"": 0.9985347994096951, ""index"": 0, ""name"": ""basis_0"", ""scaled_relative_error"": 0.04220331020613393, ""success_probability"": 0.007080431392744265}, {""conditional_fidelity"": 0.9995697019762658, ""index"": 1, ""name"": ""basis_1"", ""scaled_relative_error"": 0.021158224000084516, ""success_probability"": 0.014557214312936944}, {""conditional_fidelity"": 0.9995697019762667, ""index"": 2, ""name"": ""basis_2"", ""scaled_relative_error"": 0.021158224000074867, ""success_probability"": 0.014557214312937019}, {""conditional_fidelity"": 0.9985347994096975, ""index"": 3, ""name"": ""basis_3"", ""scaled_relative_error"": 0.042203310206121586, ""success_probability"": 0.007080431392744059}]",scaling_dense_circuit,141,0.014557214312936944,dirichlet_heat_4d,4,ideal_injection,basis_0,0.014685672515185213,0.0145647474833182,68.69446162589662,0.015408349707216122,8.797404074670307e-17,0.0002918207129141798,0.015468486868701725,0.021748025508745536,1.3910502102342482e-16,0.000494471983651656,0.02184904647171483,3.4838938662886987,-7.113643224685169e-17,"{""le_aux_qubits"": 1, ""n_dv_qubits"": 2, ""physical_qumodes"": 1, ""simulator_qubits_per_qumode"": 6}",{},{},[],,,{},[],252.00000000000006,252.00000000000006,0.0,0.0,0.8936170212765959,results_revision/coefficients_dirichlet_r1p4_rp0p4_b0p5_N48.json,4f491cbee47173661ba8f14be2ac09827ba31fb68d2f69e04773e465112283cf,results_revision/viz_dense/scaling_dense_T1.0_N48_NF64_nt141_raw.npz,T1.0_N48_NF64_nt141,4.096137926179947e-14
dirichlet,1.4,0.4,0.5,48,64,240,explicit_overlap,1.0,"[""exact_finite_map"", ""circuit_statevector""]",law_eberly,1.0,,0.0298043840127301,0.02261968893046105,0.041890263425533966,0.9985686038363155,0.007077657891773887,0.014559246761664259,3.4838938662886987,0.0,3.5144192334156963,3.3529702546945695e-13,0.02851175863614127,"[{""conditional_fidelity"": 0.9985686038363155, ""index"": 0, ""name"": ""basis_0"", ""scaled_relative_error"": 0.041890263425533966, ""success_probability"": 0.007077657891774116}, {""conditional_fidelity"": 0.9995621326250338, ""index"": 1, ""name"": ""basis_1"", ""scaled_relative_error"": 0.0213221539437915, ""success_probability"": 0.014559246761664224}, {""conditional_fidelity"": 0.9995621326250345, ""index"": 2, ""name"": ""basis_2"", ""scaled_relative_error"": 0.02132215394377931, ""success_probability"": 0.014559246761664259}, {""conditional_fidelity"": 0.998568603836318, ""index"": 3, ""name"": ""basis_3"", ""scaled_relative_error"": 0.041890263425517715, ""success_probability"": 0.007077657891773887}]",scaling_dense_circuit,200,0.014559246761664224,dirichlet_heat_4d,4,ideal_injection,basis_0,0.014685672515185213,0.0145647474833182,68.68487198342484,0.015408349707216122,8.797404074670307e-17,0.00020383934661876902,0.015438350521401687,0.021748025508745536,1.3910502102342482e-16,0.00034847536967242136,0.021798312590118336,3.4838938662886987,-7.113643224685169e-17,"{""le_aux_qubits"": 1, ""n_dv_qubits"": 2, ""physical_qumodes"": 1, ""simulator_qubits_per_qumode"": 6}",{},{},[],,,{},[],252.00000000000006,252.00000000000006,0.0,0.0,0.6300000000000001,results_revision/coefficients_dirichlet_r1p4_rp0p4_b0p5_N48.json,4f491cbee47173661ba8f14be2ac09827ba31fb68d2f69e04773e465112283cf,results_revision/viz_dense/scaling_dense_T1.0_N48_NF64_nt200_raw.npz,T1.0_N48_NF64_nt200,5.594765184784148e-14
dirichlet,1.4,0.4,0.5,48,64,240,explicit_overlap,1.0,"[""exact_finite_map"", ""circuit_statevector""]",law_eberly,1.0,,0.02976999364193006,0.02259772686237416,0.04168083158337403,0.9985912349550725,0.0070757725029270595,0.014560763472545342,3.4838938662886987,0.0,3.5144530703437162,4.688692157563244e-13,0.02847289365203578,"[{""conditional_fidelity"": 0.9985912349550725, ""index"": 0, ""name"": ""basis_0"", ""scaled_relative_error"": 0.04168083158337403, ""success_probability"": 0.007075772502927471}, {""conditional_fidelity"": 0.9995560002591746, ""index"": 1, ""name"": ""basis_1"", ""scaled_relative_error"": 0.021455064607984606, ""success_probability"": 0.014560763472545325}, {""conditional_fidelity"": 0.999556000259175, ""index"": 2, ""name"": ""basis_2"", ""scaled_relative_error"": 0.021455064607967273, ""success_probability"": 0.014560763472545342}, {""conditional_fidelity"": 0.9985912349550764, ""index"": 3, ""name"": ""basis_3"", ""scaled_relative_error"": 0.041680831583349016, ""success_probability"": 0.0070757725029270595}]",scaling_dense_circuit,283,0.014560763472545325,dirichlet_heat_4d,4,ideal_injection,basis_0,0.014685672515185213,0.0145647474833182,68.67771747584008,0.015408349707216122,8.797404074670307e-17,0.000143109832972428,0.015423361009108098,0.021748025508745536,1.3910502102342482e-16,0.0002462275620357109,0.021773160181248915,3.4838938662886987,-7.113643224685169e-17,"{""le_aux_qubits"": 1, ""n_dv_qubits"": 2, ""physical_qumodes"": 1, ""simulator_qubits_per_qumode"": 6}",{},{},[],,,{},[],252.00000000000006,252.00000000000006,0.0,0.0,0.4452296819787987,results_revision/coefficients_dirichlet_r1p4_rp0p4_b0p5_N48.json,4f491cbee47173661ba8f14be2ac09827ba31fb68d2f69e04773e465112283cf,results_revision/viz_dense/scaling_dense_T1.0_N48_NF64_nt283_raw.npz,T1.0_N48_NF64_nt283,8.744831590893373e-14
