boundary,r_target,r_prime,beta,n_coeff,n_fock,n_quad,coeff_backend,total_time,evaluation,state_prep_method,oracle_fidelity,oracle_fidelity_basis,rel_frobenius_error,rel_spectral_error,worst_scaled_relative_error,worst_conditional_fidelity,p_min,p_max,alpha_target_re,alpha_target_im,best_fit_scale_re,best_fit_scale_im,best_fit_rel_frobenius_error,per_input,case,n_trotter_steps,p_succ,raw_artifact,system_label,dv_dim,target_state_prep_method,worst_input_name,p_ref,p_target_model,inv_p_succ,eps_model,eps_synth,eps_t,eps_tot,eps_model_fro,eps_synth_fro,eps_t_fro,eps_tot_fro,alpha_prepared_re,alpha_prepared_im,static_footprint,per_attempt_ops,accepted_sample_ops,resource_ledger,compiled_width,compiled_depth,compiled_count_ops,compiled_resources,Gamma_1,Gamma_1_LL,Gamma_1_LH,Gamma_1_HH,eps_t_bound,coefficient_artifact,coefficient_sha256,candidate_id,wiring_crosscheck_relative_error
dirichlet,1.6,0.25,0.5,12,16,240,explicit_overlap,0.25,exact_finite_map,ideal_injection,1.0,by_construction,0.06822083920770983,0.08020552104096439,0.07640809783567097,0.99863632759061,0.25044760994385884,0.29446275864122334,1.344798627780276,0.0,1.2704296736790994,1.546076908279315e-16,0.0350935286519584,"[{""conditional_fidelity"": 0.99863632759061, ""index"": 0, ""scaled_relative_error"": 0.05771179069657158, ""success_probability"": 0.25044760994385906}, {""conditional_fidelity"": 0.999182423967709, ""index"": 1, ""scaled_relative_error"": 0.07640809783567097, ""success_probability"": 0.29446275864122334}, {""conditional_fidelity"": 0.9991824239677088, ""index"": 2, ""scaled_relative_error"": 0.07640809783567075, ""success_probability"": 0.29446275864122334}, {""conditional_fidelity"": 0.9986363275906107, ""index"": 3, ""scaled_relative_error"": 0.05771179069657132, ""success_probability"": 0.25044760994385884}]",scaling_dense_model,,0.29446275864122334,results_revision/viz_dense/scaling_dense_T0.25_N12_NF16_exact_raw.npz,,,,,,,,,,,,,,,,,,,,,,,,,,,,,,,,,,
dirichlet,1.6,0.25,0.5,12,16,240,explicit_overlap,0.5,exact_finite_map,ideal_injection,1.0,by_construction,0.09718865483862048,0.10169205238107791,0.09962602980985492,0.9919580652242205,0.12457577095942864,0.19281461230205915,1.344798627780276,0.0,1.2719544416131092,1.432785276476163e-16,0.07865194860267798,"[{""conditional_fidelity"": 0.9919580652242206, ""index"": 0, ""scaled_relative_error"": 0.09366919064498817, ""success_probability"": 0.12457577095942866}, {""conditional_fidelity"": 0.9960846649488759, ""index"": 1, ""scaled_relative_error"": 0.0996260298098548, ""success_probability"": 0.19281461230205912}, {""conditional_fidelity"": 0.9960846649488756, ""index"": 2, ""scaled_relative_error"": 0.09962602980985492, ""success_probability"": 0.19281461230205915}, {""conditional_fidelity"": 0.9919580652242205, ""index"": 3, ""scaled_relative_error"": 0.09366919064498824, ""success_probability"": 0.12457577095942864}]",scaling_dense_model,,0.19281461230205912,results_revision/viz_dense/scaling_dense_T0.5_N12_NF16_exact_raw.npz,,,,,,,,,,,,,,,,,,,,,,,,,,,,,,,,,,
dirichlet,1.6,0.25,0.5,12,16,240,explicit_overlap,0.75,exact_finite_map,ideal_injection,1.0,by_construction,0.21653454019139445,0.21635096725688313,0.2231858844186507,0.9593746752258249,0.08198659611172404,0.14431401136930508,1.344798627780276,0.0,1.2312565644081137,7.831324066368875e-17,0.19675504232407953,"[{""conditional_fidelity"": 0.9647000152515173, ""index"": 0, ""scaled_relative_error"": 0.20458474165011806, ""success_probability"": 0.08198659611172407}, {""conditional_fidelity"": 0.9593746752258249, ""index"": 1, ""scaled_relative_error"": 0.2231858844186507, ""success_probability"": 0.14431401136930494}, {""conditional_fidelity"": 0.959374675225825, ""index"": 2, ""scaled_relative_error"": 0.22318588441865056, ""success_probability"": 0.14431401136930508}, {""conditional_fidelity"": 0.9647000152515169, ""index"": 3, ""scaled_relative_error"": 0.20458474165011836, ""success_probability"": 0.08198659611172404}]",scaling_dense_model,,0.14431401136930494,results_revision/viz_dense/scaling_dense_T0.75_N12_NF16_exact_raw.npz,,,,,,,,,,,,,,,,,,,,,,,,,,,,,,,,,,
dirichlet,1.6,0.25,0.5,12,16,240,explicit_overlap,1.0,exact_finite_map,ideal_injection,1.0,by_construction,0.3653575847735167,0.29741532107791324,0.43076718506701867,0.8218945147439328,0.04863333513856945,0.10754648647821417,1.344798627780276,0.0,1.2241193826553591,2.0438481105040843e-16,0.35352785154393096,"[{""conditional_fidelity"": 0.8218945147439328, ""index"": 0, ""scaled_relative_error"": 0.43076718506701844, ""success_probability"": 0.04863333513856945}, {""conditional_fidelity"": 0.9016111596077023, ""index"": 1, ""scaled_relative_error"": 0.327755678255934, ""success_probability"": 0.10754648647821406}, {""conditional_fidelity"": 0.901611159607703, ""index"": 2, ""scaled_relative_error"": 0.32775567825593355, ""success_probability"": 0.10754648647821417}, {""conditional_fidelity"": 0.8218945147439336, ""index"": 3, ""scaled_relative_error"": 0.43076718506701867, ""success_probability"": 0.04863333513856947}]",scaling_dense_model,,0.10754648647821406,results_revision/viz_dense/scaling_dense_T1.0_N12_NF16_exact_raw.npz,,,,,,,,,,,,,,,,,,,,,,,,,,,,,,,,,,
dirichlet,1.6,0.25,0.5,12,16,240,explicit_overlap,1.25,exact_finite_map,ideal_injection,1.0,by_construction,0.6385239166310577,0.6221217254739685,0.934840875760482,0.4777165813981654,0.059407553835307075,0.0900445261158729,1.344798627780276,0.0,0.9803484536357857,6.62267385692157e-17,0.5592231642397768,"[{""conditional_fidelity"": 0.4777165813981657, ""index"": 0, ""scaled_relative_error"": 0.9348408757604815, ""success_probability"": 0.059407553835307075}, {""conditional_fidelity"": 0.8272939424689509, ""index"": 1, ""scaled_relative_error"": 0.4433466419626214, ""success_probability"": 0.09004452611587282}, {""conditional_fidelity"": 0.8272939424689514, ""index"": 2, ""scaled_relative_error"": 0.44334664196262147, ""success_probability"": 0.0900445261158729}, {""conditional_fidelity"": 0.4777165813981654, ""index"": 3, ""scaled_relative_error"": 0.934840875760482, ""success_probability"": 0.05940755383530713}]",scaling_dense_model,,0.09004452611587282,results_revision/viz_dense/scaling_dense_T1.25_N12_NF16_exact_raw.npz,,,,,,,,,,,,,,,,,,,,,,,,,,,,,,,,,,
dirichlet,1.6,0.25,0.5,12,16,240,explicit_overlap,1.5,exact_finite_map,ideal_injection,1.0,by_construction,0.5211384358264152,0.46623665307288886,0.5892263287619409,0.6941092836256555,0.02957997533384767,0.07404733648099296,1.344798627780276,0.0,1.1090771524131346,1.3510951985550161e-16,0.4869540127498291,"[{""conditional_fidelity"": 0.6941092836256555, ""index"": 0, ""scaled_relative_error"": 0.5892263287619409, ""success_probability"": 0.02957997533384767}, {""conditional_fidelity"": 0.7923570161707141, ""index"": 1, ""scaled_relative_error"": 0.4893640462772361, ""success_probability"": 0.0740473364809929}, {""conditional_fidelity"": 0.7923570161707143, ""index"": 2, ""scaled_relative_error"": 0.48936404627723634, ""success_probability"": 0.07404733648099296}, {""conditional_fidelity"": 0.694109283625656, ""index"": 3, ""scaled_relative_error"": 0.5892263287619407, ""success_probability"": 0.02957997533384769}]",scaling_dense_model,,0.0740473364809929,results_revision/viz_dense/scaling_dense_T1.5_N12_NF16_exact_raw.npz,,,,,,,,,,,,,,,,,,,,,,,,,,,,,,,,,,
dirichlet,1.6,0.25,0.5,12,16,240,explicit_overlap,1.75,exact_finite_map,ideal_injection,1.0,by_construction,0.5027308080043351,0.369623091648573,0.7884661679069579,0.5459665432483108,0.028588690052472256,0.054889320232645304,1.344798627780276,0.0,1.122880951490862,2.8156733248883816e-16,0.4715558827955387,"[{""conditional_fidelity"": 0.5459665432483108, ""index"": 0, ""scaled_relative_error"": 0.7884661679069579, ""success_probability"": 0.028588690052472256}, {""conditional_fidelity"": 0.9021115367693232, ""index"": 1, ""scaled_relative_error"": 0.3198212272248178, ""success_probability"": 0.05488932023264524}, {""conditional_fidelity"": 0.9021115367693237, ""index"": 2, ""scaled_relative_error"": 0.31982122722481754, ""success_probability"": 0.054889320232645304}, {""conditional_fidelity"": 0.5459665432483116, ""index"": 3, ""scaled_relative_error"": 0.7884661679069579, ""success_probability"": 0.028588690052472283}]",scaling_dense_model,,0.05488932023264524,results_revision/viz_dense/scaling_dense_T1.75_N12_NF16_exact_raw.npz,,,,,,,,,,,,,,,,,,,,,,,,,,,,,,,,,,
dirichlet,1.6,0.25,0.5,12,16,240,explicit_overlap,2.0,exact_finite_map,ideal_injection,1.0,by_construction,0.6228243151241637,0.38135745192398995,0.871893357895731,0.5282683889111133,0.02776877425920457,0.05573379610646898,1.344798627780276,0.0,0.9735572102953055,3.6156544563472055e-16,0.5326942684355311,"[{""conditional_fidelity"": 0.5282683889111133, ""index"": 0, ""scaled_relative_error"": 0.871893357895731, ""success_probability"": 0.02776877425920457}, {""conditional_fidelity"": 0.8120701034897992, ""index"": 1, ""scaled_relative_error"": 0.48978005991017887, ""success_probability"": 0.05573379610646891}, {""conditional_fidelity"": 0.8120701034898, ""index"": 2, ""scaled_relative_error"": 0.48978005991017864, ""success_probability"": 0.05573379610646898}, {""conditional_fidelity"": 0.5282683889111138, ""index"": 3, ""scaled_relative_error"": 0.8718933578957309, ""success_probability"": 0.027768774259204588}]",scaling_dense_model,,0.05573379610646891,results_revision/viz_dense/scaling_dense_T2.0_N12_NF16_exact_raw.npz,,,,,,,,,,,,,,,,,,,,,,,,,,,,,,,,,,
dirichlet,1.6,0.25,0.5,12,16,240,explicit_overlap,1.0,"[""exact_finite_map"", ""circuit_statevector""]",law_eberly,1.0000000000000004,,0.3682221135141644,0.2995429405763297,0.4370150306194127,0.81889625477525,0.0497558246659255,0.10636885335201399,1.344798627780276,0.0,1.222975816927097,1.475477064150902e-14,0.3562645432797895,"[{""conditional_fidelity"": 0.8188962547752512, ""index"": 0, ""name"": ""basis_0"", ""scaled_relative_error"": 0.43701503061941027, ""success_probability"": 0.0497558246659255}, {""conditional_fidelity"": 0.9002435012739856, ""index"": 1, ""name"": ""basis_1"", ""scaled_relative_error"": 0.32842552938570985, ""success_probability"": 0.10636885335201392}, {""conditional_fidelity"": 0.9002435012739859, ""index"": 2, ""name"": ""basis_2"", ""scaled_relative_error"": 0.32842552938570985, ""success_probability"": 0.10636885335201399}, {""conditional_fidelity"": 0.81889625477525, ""index"": 3, ""name"": ""basis_3"", ""scaled_relative_error"": 0.4370150306194127, ""success_probability"": 0.049755824665925937}]",scaling_dense_circuit,25,0.10636885335201392,results_revision/viz_dense/scaling_dense_T1.0_N12_NF16_nt25_raw.npz,dirichlet_heat_4d,4,ideal_injection,basis_3,0.09856192047333383,0.10754648647821406,9.401248283561259,0.20299138468932354,1.2032063840593246e-16,0.007481953127145696,0.2044435238276513,0.26721501228349837,1.3276561794033403e-16,0.013660257199591984,0.26931006960410414,1.3447986277802755,1.4399457268317105e-16,"{""le_aux_qubits"": 1, ""n_dv_qubits"": 2, ""physical_qumodes"": 1, ""simulator_qubits_per_qumode"": 4}",{},{},[],,,{},[],60.000000000000014,60.000000000000014,0.0,0.0,1.2000000000000002,results_revision/coefficients_dirichlet_r1p6_rp0p25_b0p5_N12_nq240.json,3e17075f369917b7515b74b1916fb888829688b1abf4dd750e5b5576c12dedd8,T1.0_N12_NF16_nt25,1.4511189172033975e-14
dirichlet,1.6,0.25,0.5,12,16,240,explicit_overlap,1.0,"[""exact_finite_map"", ""circuit_statevector""]",law_eberly,1.0000000000000004,,0.366813874081964,0.2984958024498337,0.43459470300999353,0.8202327798246691,0.049436294227915054,0.10671353030271194,1.344798627780276,0.0,1.2235463433905815,2.1285987686382143e-14,0.35492096123939954,"[{""conditional_fidelity"": 0.8202327798246697, ""index"": 0, ""name"": ""basis_0"", ""scaled_relative_error"": 0.4345947030099907, ""success_probability"": 0.049436294227915054}, {""conditional_fidelity"": 0.900975890131986, ""index"": 1, ""name"": ""basis_1"", ""scaled_relative_error"": 0.3276674846523031, ""success_probability"": 0.10671353030271194}, {""conditional_fidelity"": 0.9009758901319859, ""index"": 2, ""name"": ""basis_2"", ""scaled_relative_error"": 0.327667484652303, ""success_probability"": 0.10671353030271169}, {""conditional_fidelity"": 0.8202327798246691, ""index"": 3, ""name"": ""basis_3"", ""scaled_relative_error"": 0.43459470300999353, ""success_probability"": 0.04943629422791571}]",scaling_dense_circuit,35,0.10671353030271194,results_revision/viz_dense/scaling_dense_T1.0_N12_NF16_nt35_raw.npz,dirichlet_heat_4d,4,ideal_injection,basis_3,0.09856192047333383,0.10754648647821406,9.370882934556864,0.20299138468932354,1.2032063840593246e-16,0.005290081105469381,0.20372883294525818,0.26721501228349837,1.3276561794033403e-16,0.009736279415013956,0.2682801122887064,1.3447986277802755,1.4399457268317105e-16,"{""le_aux_qubits"": 1, ""n_dv_qubits"": 2, ""physical_qumodes"": 1, ""simulator_qubits_per_qumode"": 4}",{},{},[],,,{},[],60.000000000000014,60.000000000000014,0.0,0.0,0.8571428571428573,results_revision/coefficients_dirichlet_r1p6_rp0p25_b0p5_N12_nq240.json,3e17075f369917b7515b74b1916fb888829688b1abf4dd750e5b5576c12dedd8,T1.0_N12_NF16_nt35,1.3745299686729986e-14
dirichlet,1.6,0.25,0.5,12,16,240,explicit_overlap,1.0,"[""exact_finite_map"", ""circuit_statevector""]",law_eberly,1.0000000000000004,,0.3660698009824261,0.297943442606086,0.43311051024109964,0.8209845835624974,0.04919595376886421,0.10696868625537016,1.344798627780276,0.0,1.2238413006468358,2.966831572427579e-14,0.35420963975800834,"[{""conditional_fidelity"": 0.8209845835624995, ""index"": 0, ""name"": ""basis_0"", ""scaled_relative_error"": 0.4331105102410956, ""success_probability"": 0.04919595376886421}, {""conditional_fidelity"": 0.9013425145124255, ""index"": 1, ""name"": ""basis_1"", ""scaled_relative_error"": 0.3274023263581998, ""success_probability"": 0.1069686862553699}, {""conditional_fidelity"": 0.9013425145124252, ""index"": 2, ""name"": ""basis_2"", ""scaled_relative_error"": 0.3274023263582011, ""success_probability"": 0.10696868625537016}, {""conditional_fidelity"": 0.8209845835624974, ""index"": 3, ""name"": ""basis_3"", ""scaled_relative_error"": 0.43311051024109964, ""success_probability"": 0.049195953768864514}]",scaling_dense_circuit,50,0.1069686862553699,results_revision/viz_dense/scaling_dense_T1.0_N12_NF16_nt50_raw.npz,dirichlet_heat_4d,4,ideal_injection,basis_3,0.09856192047333383,0.10754648647821406,9.348530256907772,0.20299138468932354,1.2032063840593246e-16,0.0036763005554731024,0.20335183727091716,0.26721501228349837,1.3276561794033403e-16,0.006807523227282666,0.26773591254927553,1.3447986277802755,1.4399457268317105e-16,"{""le_aux_qubits"": 1, ""n_dv_qubits"": 2, ""physical_qumodes"": 1, ""simulator_qubits_per_qumode"": 4}",{},{},[],,,{},[],60.000000000000014,60.000000000000014,0.0,0.0,0.6000000000000001,results_revision/coefficients_dirichlet_r1p6_rp0p25_b0p5_N12_nq240.json,3e17075f369917b7515b74b1916fb888829688b1abf4dd750e5b5576c12dedd8,T1.0_N12_NF16_nt50,2.018971978437427e-14
dirichlet,1.6,0.25,0.5,12,16,240,explicit_overlap,1.0,"[""exact_finite_map"", ""circuit_statevector""]",law_eberly,1.0000000000000004,,0.3657104672679104,0.29767691816548064,0.4322529676779329,0.8213775844500248,0.049029758029600704,0.10714241874796605,1.344798627780276,0.0,1.2239821222917193,4.329858111118791e-14,0.35386577084663984,"[{""conditional_fidelity"": 0.8213775844500301, ""index"": 0, ""name"": ""basis_0"", ""scaled_relative_error"": 0.4322529676779251, ""success_probability"": 0.049029758029600704}, {""conditional_fidelity"": 0.9015065349670327, ""index"": 1, ""name"": ""basis_1"", ""scaled_relative_error"": 0.3273669636920225, ""success_probability"": 0.10714241874796605}, {""conditional_fidelity"": 0.9015065349670328, ""index"": 2, ""name"": ""basis_2"", ""scaled_relative_error"": 0.3273669636920212, ""success_probability"": 0.10714241874796569}, {""conditional_fidelity"": 0.8213775844500248, ""index"": 3, ""name"": ""basis_3"", ""scaled_relative_error"": 0.4322529676779329, ""success_probability"": 0.04902975802960094}]",scaling_dense_circuit,71,0.10714241874796605,results_revision/viz_dense/scaling_dense_T1.0_N12_NF16_nt71_raw.npz,dirichlet_heat_4d,4,ideal_injection,basis_3,0.09856192047333383,0.10754648647821406,9.33337152255566,0.20299138468932354,1.2032063840593246e-16,0.0025764963863820736,0.20316992947593218,0.26721501228349837,1.3276561794033403e-16,0.004791337650835187,0.26747310327162577,1.3447986277802755,1.4399457268317105e-16,"{""le_aux_qubits"": 1, ""n_dv_qubits"": 2, ""physical_qumodes"": 1, ""simulator_qubits_per_qumode"": 4}",{},{},[],,,{},[],60.000000000000014,60.000000000000014,0.0,0.0,0.42253521126760574,results_revision/coefficients_dirichlet_r1p6_rp0p25_b0p5_N12_nq240.json,3e17075f369917b7515b74b1916fb888829688b1abf4dd750e5b5576c12dedd8,T1.0_N12_NF16_nt71,2.470291033239629e-14
dirichlet,1.6,0.25,0.5,12,16,240,explicit_overlap,1.0,"[""exact_finite_map"", ""circuit_statevector""]",law_eberly,1.0000000000000004,,0.36553539170086785,0.29754711441664994,0.4317409965356296,0.8215885513213522,0.048914874466846926,0.10726106493788634,1.344798627780276,0.0,1.2240503494631645,5.989277311824313e-14,0.3536981467502518,"[{""conditional_fidelity"": 0.821588551321353, ""index"": 0, ""name"": ""basis_0"", ""scaled_relative_error"": 0.43174099653562653, ""success_probability"": 0.048914874466846926}, {""conditional_fidelity"": 0.9015780346113464, ""index"": 1, ""name"": ""basis_1"", ""scaled_relative_error"": 0.327411692766922, ""success_probability"": 0.10726106493788634}, {""conditional_fidelity"": 0.9015780346113467, ""index"": 2, ""name"": ""basis_2"", ""scaled_relative_error"": 0.32741169276692156, ""success_probability"": 0.10726106493788619}, {""conditional_fidelity"": 0.8215885513213522, ""index"": 3, ""name"": ""basis_3"", ""scaled_relative_error"": 0.4317409965356296, ""success_probability"": 0.04891487446684791}]",scaling_dense_circuit,100,0.10726106493788634,results_revision/viz_dense/scaling_dense_T1.0_N12_NF16_nt100_raw.npz,dirichlet_heat_4d,4,ideal_injection,basis_3,0.09856192047333383,0.10754648647821406,9.323047469080123,0.20299138468932354,1.2032063840593246e-16,0.0018233881274283027,0.20308133604833903,0.26721501228349837,1.3276561794033403e-16,0.0034009156127158863,0.2673450566078982,1.3447986277802755,1.4399457268317105e-16,"{""le_aux_qubits"": 1, ""n_dv_qubits"": 2, ""physical_qumodes"": 1, ""simulator_qubits_per_qumode"": 4}",{},{},[],,,{},[],60.000000000000014,60.000000000000014,0.0,0.0,0.30000000000000004,results_revision/coefficients_dirichlet_r1p6_rp0p25_b0p5_N12_nq240.json,3e17075f369917b7515b74b1916fb888829688b1abf4dd750e5b5576c12dedd8,T1.0_N12_NF16_nt100,4.4946945738572444e-14
dirichlet,1.6,0.25,0.5,12,16,240,explicit_overlap,1.0,"[""exact_finite_map"", ""circuit_statevector""]",law_eberly,1.0000000000000004,,0.36544699974069733,0.2974815924159569,0.4314166993523493,0.8217084832559776,0.04883303766968754,0.10734482399636343,1.344798627780276,0.0,1.2240847000473605,8.508750912465442e-14,0.35361349610073495,"[{""conditional_fidelity"": 0.8217084832559803, ""index"": 0, ""name"": ""basis_0"", ""scaled_relative_error"": 0.43141669935234245, ""success_probability"": 0.04883303766968754}, {""conditional_fidelity"": 0.9016083526708552, ""index"": 1, ""name"": ""basis_1"", ""scaled_relative_error"": 0.3274775739389755, ""success_probability"": 0.10734482399636237}, {""conditional_fidelity"": 0.901608352670855, ""index"": 2, ""name"": ""basis_2"", ""scaled_relative_error"": 0.32747757393897664, ""success_probability"": 0.10734482399636343}, {""conditional_fidelity"": 0.8217084832559776, ""index"": 3, ""name"": ""basis_3"", ""scaled_relative_error"": 0.4314166993523493, ""success_probability"": 0.04883303766968902}]",scaling_dense_circuit,141,0.10734482399636237,results_revision/viz_dense/scaling_dense_T1.0_N12_NF16_nt141_raw.npz,dirichlet_heat_4d,4,ideal_injection,basis_3,0.09856192047333383,0.10754648647821406,9.315772878195666,0.20299138468932354,1.2032063840593246e-16,0.0012902519627540103,0.20303661608704016,0.26721501228349837,1.3276561794033403e-16,0.002411661946730012,0.2672804085488265,1.3447986277802755,1.4399457268317105e-16,"{""le_aux_qubits"": 1, ""n_dv_qubits"": 2, ""physical_qumodes"": 1, ""simulator_qubits_per_qumode"": 4}",{},{},[],,,{},[],60.000000000000014,60.000000000000014,0.0,0.0,0.21276595744680857,results_revision/coefficients_dirichlet_r1p6_rp0p25_b0p5_N12_nq240.json,3e17075f369917b7515b74b1916fb888829688b1abf4dd750e5b5576c12dedd8,T1.0_N12_NF16_nt141,5.717511650734145e-14
dirichlet,1.6,0.25,0.5,12,16,240,explicit_overlap,1.0,"[""exact_finite_map"", ""circuit_statevector""]",law_eberly,1.0000000000000004,,0.36540202102357355,0.2974482545889628,0.4312041550365937,0.8217791232979038,0.04877413591508665,0.10740470972942089,1.344798627780276,0.0,1.2241021548009143,1.2056205164899383e-13,0.3535704158119667,"[{""conditional_fidelity"": 0.8217791232979113, ""index"": 0, ""name"": ""basis_0"", ""scaled_relative_error"": 0.43120415503658027, ""success_probability"": 0.04877413591508665}, {""conditional_fidelity"": 0.9016196418504051, ""index"": 1, ""name"": ""basis_1"", ""scaled_relative_error"": 0.3275423607415321, ""success_probability"": 0.10740470972942082}, {""conditional_fidelity"": 0.9016196418504029, ""index"": 2, ""name"": ""basis_2"", ""scaled_relative_error"": 0.3275423607415359, ""success_probability"": 0.10740470972942089}, {""conditional_fidelity"": 0.8217791232979038, ""index"": 3, ""name"": ""basis_3"", ""scaled_relative_error"": 0.4312041550365937, ""success_probability"": 0.0487741359150885}]",scaling_dense_circuit,200,0.10740470972942082,results_revision/viz_dense/scaling_dense_T1.0_N12_NF16_nt200_raw.npz,dirichlet_heat_4d,4,ideal_injection,basis_3,0.09856192047333383,0.10754648647821406,9.310578674987799,0.20299138468932354,1.2032063840593246e-16,0.0009081618501463693,0.20301386241167624,0.26721501228349837,1.3276561794033403e-16,0.001700101430543193,0.2672475120415426,1.3447986277802755,1.4399457268317105e-16,"{""le_aux_qubits"": 1, ""n_dv_qubits"": 2, ""physical_qumodes"": 1, ""simulator_qubits_per_qumode"": 4}",{},{},[],,,{},[],60.000000000000014,60.000000000000014,0.0,0.0,0.15000000000000002,results_revision/coefficients_dirichlet_r1p6_rp0p25_b0p5_N12_nq240.json,3e17075f369917b7515b74b1916fb888829688b1abf4dd750e5b5576c12dedd8,T1.0_N12_NF16_nt200,7.675842318964275e-14
dirichlet,1.6,0.25,0.5,12,16,240,explicit_overlap,1.0,"[""exact_finite_map"", ""circuit_statevector""]",law_eberly,1.0000000000000004,,0.3653797769175099,0.29743176829907114,0.4310655995374098,0.8218207932376317,0.048732844532553055,0.10744648918888337,1.344798627780276,0.0,1.224110780837227,1.6716088863071255e-13,0.353549109232614,"[{""conditional_fidelity"": 0.8218207932376439, ""index"": 0, ""name"": ""basis_0"", ""scaled_relative_error"": 0.4310655995373881, ""success_probability"": 0.048732844532553055}, {""conditional_fidelity"": 0.9016223252907666, ""index"": 1, ""name"": ""basis_1"", ""scaled_relative_error"": 0.3275963994177745, ""success_probability"": 0.10744648918888185}, {""conditional_fidelity"": 0.9016223252907655, ""index"": 2, ""name"": ""basis_2"", ""scaled_relative_error"": 0.32759639941777896, ""success_probability"": 0.10744648918888337}, {""conditional_fidelity"": 0.8218207932376317, ""index"": 3, ""name"": ""basis_3"", ""scaled_relative_error"": 0.4310655995374098, ""success_probability"": 0.04873284453255588}]",scaling_dense_circuit,283,0.10744648918888185,results_revision/viz_dense/scaling_dense_T1.0_N12_NF16_nt283_raw.npz,dirichlet_heat_4d,4,ideal_injection,basis_3,0.09856192047333383,0.10754648647821406,9.306958352469614,0.20299138468932354,1.2032063840593246e-16,0.0006410916538912286,0.20300261021793797,0.26721501228349837,1.3276561794033403e-16,0.001201443070171245,0.26723124316052643,1.3447986277802755,1.4399457268317105e-16,"{""le_aux_qubits"": 1, ""n_dv_qubits"": 2, ""physical_qumodes"": 1, ""simulator_qubits_per_qumode"": 4}",{},{},[],,,{},[],60.000000000000014,60.000000000000014,0.0,0.0,0.10600706713780922,results_revision/coefficients_dirichlet_r1p6_rp0p25_b0p5_N12_nq240.json,3e17075f369917b7515b74b1916fb888829688b1abf4dd750e5b5576c12dedd8,T1.0_N12_NF16_nt283,1.479112713097942e-13
dirichlet,1.6,0.25,0.5,24,32,240,explicit_overlap,0.25,exact_finite_map,ideal_injection,1.0,by_construction,0.038971803142228395,0.04191764717691901,0.041022234691673265,0.9986634438344615,0.24606943511835183,0.2853187536651563,1.299164083376694,0.0,1.2863709799963436,-1.6471844806626871e-16,0.03768337349448448,"[{""conditional_fidelity"": 0.9986645237300644, ""index"": 0, ""scaled_relative_error"": 0.036544233648777895, ""success_probability"": 0.24606943511835194}, {""conditional_fidelity"": 0.9986634438344616, ""index"": 1, ""scaled_relative_error"": 0.041022234691673265, ""success_probability"": 0.2853187536651563}, {""conditional_fidelity"": 0.9986634438344615, ""index"": 2, ""scaled_relative_error"": 0.04102223469167315, ""success_probability"": 0.2853187536651563}, {""conditional_fidelity"": 0.9986645237300645, ""index"": 3, ""scaled_relative_error"": 0.0365442336487779, ""success_probability"": 0.24606943511835183}]",scaling_dense_model,,0.2853187536651563,results_revision/viz_dense/scaling_dense_T0.25_N24_NF32_exact_raw.npz,,,,,,,,,,,,,,,,,,,,,,,,,,,,,,,,,,
dirichlet,1.6,0.25,0.5,24,32,240,explicit_overlap,0.5,exact_finite_map,ideal_injection,1.0,by_construction,0.0212511735773724,0.018918175773129788,0.02151372696815271,0.9999536255860607,0.13275700123146242,0.18594347157235794,1.299164083376694,0.0,1.2732579037787775,-2.623891221509119e-16,0.0061362115324323134,"[{""conditional_fidelity"": 0.9999745712224459, ""index"": 0, ""scaled_relative_error"": 0.020877984399696025, ""success_probability"": 0.13275700123146247}, {""conditional_fidelity"": 0.9999536255860608, ""index"": 1, ""scaled_relative_error"": 0.02151372696815235, ""success_probability"": 0.1859434715723578}, {""conditional_fidelity"": 0.9999536255860607, ""index"": 2, ""scaled_relative_error"": 0.02151372696815271, ""success_probability"": 0.18594347157235794}, {""conditional_fidelity"": 0.9999745712224456, ""index"": 3, ""scaled_relative_error"": 0.020877984399696174, ""success_probability"": 0.13275700123146242}]",scaling_dense_model,,0.1859434715723578,results_revision/viz_dense/scaling_dense_T0.5_N24_NF32_exact_raw.npz,,,,,,,,,,,,,,,,,,,,,,,,,,,,,,,,,,
dirichlet,1.6,0.25,0.5,24,32,240,explicit_overlap,0.75,exact_finite_map,ideal_injection,1.0,by_construction,0.046928553947880286,0.044258003735652716,0.04826425713643585,0.9982909057366478,0.0733105319866491,0.1269249916934109,1.299164083376694,0.0,1.3340244925478713,-6.291723578222728e-16,0.03899305730487166,"[{""conditional_fidelity"": 0.9988112755723895, ""index"": 0, ""scaled_relative_error"": 0.04453668325719855, ""success_probability"": 0.07331053198664912}, {""conditional_fidelity"": 0.9982909057366479, ""index"": 1, ""scaled_relative_error"": 0.04826425713643585, ""success_probability"": 0.12692499169341084}, {""conditional_fidelity"": 0.9982909057366478, ""index"": 2, ""scaled_relative_error"": 0.048264257136434875, ""success_probability"": 0.1269249916934109}, {""conditional_fidelity"": 0.998811275572389, ""index"": 3, ""scaled_relative_error"": 0.04453668325719858, ""success_probability"": 0.0733105319866491}]",scaling_dense_model,,0.12692499169341084,results_revision/viz_dense/scaling_dense_T0.75_N24_NF32_exact_raw.npz,,,,,,,,,,,,,,,,,,,,,,,,,,,,,,,,,,
dirichlet,1.6,0.25,0.5,24,32,240,explicit_overlap,1.0,exact_finite_map,ideal_injection,1.0,by_construction,0.050045594656268955,0.03798193899547324,0.05996119859087227,0.9978620569484808,0.04878788309312143,0.09763276165076434,1.299164083376694,0.0,1.3508274942899563,-5.794124035104686e-16,0.03230093316668292,"[{""conditional_fidelity"": 0.9978620569484808, ""index"": 0, ""scaled_relative_error"": 0.05996119859087227, ""success_probability"": 0.04878788309312143}, {""conditional_fidelity"": 0.9995044781321124, ""index"": 1, ""scaled_relative_error"": 0.04425652657014278, ""success_probability"": 0.09763276165076427}, {""conditional_fidelity"": 0.9995044781321129, ""index"": 2, ""scaled_relative_error"": 0.044256526570142014, ""success_probability"": 0.09763276165076434}, {""conditional_fidelity"": 0.9978620569484812, ""index"": 3, ""scaled_relative_error"": 0.05996119859087203, ""success_probability"": 0.04878788309312146}]",scaling_dense_model,,0.09763276165076427,results_revision/viz_dense/scaling_dense_T1.0_N24_NF32_exact_raw.npz,,,,,,,,,,,,,,,,,,,,,,,,,,,,,,,,,,
dirichlet,1.6,0.25,0.5,24,32,240,explicit_overlap,1.25,exact_finite_map,ideal_injection,1.0,by_construction,0.15393809991592128,0.13681245532243702,0.1728142095006455,0.9702127340145087,0.03812241795605624,0.08353721705820276,1.299164083376694,0.0,1.295057893739254,-5.89139523404202e-16,0.1539062170380834,"[{""conditional_fidelity"": 0.9702127340145087, ""index"": 0, ""scaled_relative_error"": 0.1728142095006455, ""success_probability"": 0.03812241795605624}, {""conditional_fidelity"": 0.979096876778884, ""index"": 1, ""scaled_relative_error"": 0.14458019074474077, ""success_probability"": 0.08353721705820269}, {""conditional_fidelity"": 0.979096876778884, ""index"": 2, ""scaled_relative_error"": 0.14458019074474074, ""success_probability"": 0.08353721705820276}, {""conditional_fidelity"": 0.9702127340145089, ""index"": 3, ""scaled_relative_error"": 0.17281420950064544, ""success_probability"": 0.03812241795605624}]",scaling_dense_model,,0.08353721705820269,results_revision/viz_dense/scaling_dense_T1.25_N24_NF32_exact_raw.npz,,,,,,,,,,,,,,,,,,,,,,,,,,,,,,,,,,
dirichlet,1.6,0.25,0.5,24,32,240,explicit_overlap,1.5,exact_finite_map,ideal_injection,1.0,by_construction,0.17435606779589355,0.17117227829528348,0.2685787473922913,0.9303677856409346,0.03037695534165799,0.07151037843930955,1.299164083376694,0.0,1.2615410159816087,-4.733683567534318e-16,0.1718630022552881,"[{""conditional_fidelity"": 0.9303677856409347, ""index"": 0, ""scaled_relative_error"": 0.2685787473922908, ""success_probability"": 0.03037695534165799}, {""conditional_fidelity"": 0.98774928676619, ""index"": 1, ""scaled_relative_error"": 0.11258563734861503, ""success_probability"": 0.07151037843930946}, {""conditional_fidelity"": 0.9877492867661899, ""index"": 2, ""scaled_relative_error"": 0.11258563734861507, ""success_probability"": 0.07151037843930955}, {""conditional_fidelity"": 0.9303677856409346, ""index"": 3, ""scaled_relative_error"": 0.2685787473922913, ""success_probability"": 0.03037695534165801}]",scaling_dense_model,,0.07151037843930946,results_revision/viz_dense/scaling_dense_T1.5_N24_NF32_exact_raw.npz,,,,,,,,,,,,,,,,,,,,,,,,,,,,,,,,,,
dirichlet,1.6,0.25,0.5,24,32,240,explicit_overlap,1.75,exact_finite_map,ideal_injection,1.0,by_construction,0.22688880073483197,0.20030963922593928,0.3314691236402343,0.905081575126324,0.026776752407952895,0.06124319306300373,1.299164083376694,0.0,1.2109346714858036,-2.261173210431208e-16,0.21544435731052072,"[{""conditional_fidelity"": 0.9050815751263244, ""index"": 0, ""scaled_relative_error"": 0.33146912364023357, ""success_probability"": 0.026776752407952895}, {""conditional_fidelity"": 0.9747912884647582, ""index"": 1, ""scaled_relative_error"": 0.16633091153351082, ""success_probability"": 0.06124319306300366}, {""conditional_fidelity"": 0.9747912884647583, ""index"": 2, ""scaled_relative_error"": 0.16633091153351137, ""success_probability"": 0.06124319306300373}, {""conditional_fidelity"": 0.905081575126324, ""index"": 3, ""scaled_relative_error"": 0.3314691236402343, ""success_probability"": 0.026776752407952922}]",scaling_dense_model,,0.06124319306300366,results_revision/viz_dense/scaling_dense_T1.75_N24_NF32_exact_raw.npz,,,,,,,,,,,,,,,,,,,,,,,,,,,,,,,,,,
dirichlet,1.6,0.25,0.5,24,32,240,explicit_overlap,2.0,exact_finite_map,ideal_injection,1.0,by_construction,0.28560678746223456,0.2402460361353465,0.41806746016525004,0.8441444367175981,0.0207834730938647,0.048445515402129456,1.299164083376694,0.0,1.2137775795023038,-8.141707273231073e-17,0.2774950602132906,"[{""conditional_fidelity"": 0.8441444367175981, ""index"": 0, ""scaled_relative_error"": 0.41806746016524987, ""success_probability"": 0.0207834730938647}, {""conditional_fidelity"": 0.9569870712937243, ""index"": 1, ""scaled_relative_error"": 0.2109746052440479, ""success_probability"": 0.04844551540212941}, {""conditional_fidelity"": 0.9569870712937237, ""index"": 2, ""scaled_relative_error"": 0.21097460524404787, ""success_probability"": 0.048445515402129456}, {""conditional_fidelity"": 0.8441444367175982, ""index"": 3, ""scaled_relative_error"": 0.41806746016525004, ""success_probability"": 0.020783473093864732}]",scaling_dense_model,,0.04844551540212941,results_revision/viz_dense/scaling_dense_T2.0_N24_NF32_exact_raw.npz,,,,,,,,,,,,,,,,,,,,,,,,,,,,,,,,,,
dirichlet,1.6,0.25,0.5,24,32,240,explicit_overlap,1.0,"[""exact_finite_map"", ""circuit_statevector""]",law_eberly,1.0,,0.04959256598801597,0.036454892785257084,0.05884705585663526,0.9977580434711251,0.04911146356463869,0.09773119013477899,1.299164083376694,0.0,1.348843836995321,1.7051359323114428e-14,0.03323208719500346,"[{""conditional_fidelity"": 0.9977580434711254, ""index"": 0, ""name"": ""basis_0"", ""scaled_relative_error"": 0.05884705585663368, ""success_probability"": 0.04911146356463869}, {""conditional_fidelity"": 0.9994677382263093, ""index"": 1, ""name"": ""basis_1"", ""scaled_relative_error"": 0.044239786964104605, ""success_probability"": 0.09773119013477899}, {""conditional_fidelity"": 0.9994677382263095, ""index"": 2, ""name"": ""basis_2"", ""scaled_relative_error"": 0.04423978696410317, ""success_probability"": 0.09773119013477885}, {""conditional_fidelity"": 0.9977580434711251, ""index"": 3, ""name"": ""basis_3"", ""scaled_relative_error"": 0.05884705585663526, ""success_probability"": 0.04911146356463889}]",scaling_dense_circuit,25,0.09773119013477899,results_revision/viz_dense/scaling_dense_T1.0_N24_NF32_nt25_raw.npz,dirichlet_heat_4d,4,ideal_injection,basis_3,0.10560771851974038,0.09763276165076427,10.23214798285912,0.025923366563408323,1.6831924709511488e-16,0.0036964303215159806,0.02488112965519216,0.03660231714937491,1.9559657036140187e-16,0.006017677702391722,0.036270981312383765,1.299164083376694,-4.04536558591773e-17,"{""le_aux_qubits"": 1, ""n_dv_qubits"": 2, ""physical_qumodes"": 1, ""simulator_qubits_per_qumode"": 5}",{},{},[],,,{},[],124.00000000000003,124.00000000000003,0.0,0.0,2.4800000000000004,results_revision/coefficients_dirichlet_r1p6_rp0p25_b0p5_N24_nq240.json,4e5a7040450c03392c5ca33240dd725acb70b36d94672bf9d9339bf51628a14e,T1.0_N24_NF32_nt25,9.33657774183072e-15
dirichlet,1.6,0.25,0.5,24,32,240,explicit_overlap,1.0,"[""exact_finite_map"", ""circuit_statevector""]",law_eberly,1.0,,0.04981233623047368,0.03722526075631991,0.05927266109801984,0.9977739927202687,0.049017042592679076,0.0976125737248615,1.299164083376694,0.0,1.3498444545479245,2.391219341738585e-14,0.03275864623097484,"[{""conditional_fidelity"": 0.9977739927202687, ""index"": 0, ""name"": ""basis_0"", ""scaled_relative_error"": 0.05927266109801984, ""success_probability"": 0.049017042592679076}, {""conditional_fidelity"": 0.9995060141118756, ""index"": 1, ""name"": ""basis_1"", ""scaled_relative_error"": 0.044325817820591876, ""success_probability"": 0.09761257372486108}, {""conditional_fidelity"": 0.9995060141118753, ""index"": 2, ""name"": ""basis_2"", ""scaled_relative_error"": 0.04432581782058853, ""success_probability"": 0.0976125737248615}, {""conditional_fidelity"": 0.9977739927202688, ""index"": 3, ""name"": ""basis_3"", ""scaled_relative_error"": 0.05927266109801961, ""success_probability"": 0.049017042592679486}]",scaling_dense_circuit,35,0.09761257372486108,results_revision/viz_dense/scaling_dense_T1.0_N24_NF32_nt35_raw.npz,dirichlet_heat_4d,4,ideal_injection,basis_0,0.10560771851974038,0.09763276165076427,10.244581838592671,0.025923366563408323,1.6831924709511488e-16,0.0025027424644888316,0.02540691985523832,0.03660231714937491,1.9559657036140187e-16,0.004219221461276959,0.036431716741139916,1.299164083376694,-4.04536558591773e-17,"{""le_aux_qubits"": 1, ""n_dv_qubits"": 2, ""physical_qumodes"": 1, ""simulator_qubits_per_qumode"": 5}",{},{},[],,,{},[],124.00000000000003,124.00000000000003,0.0,0.0,1.7714285714285718,results_revision/coefficients_dirichlet_r1p6_rp0p25_b0p5_N24_nq240.json,4e5a7040450c03392c5ca33240dd725acb70b36d94672bf9d9339bf51628a14e,T1.0_N24_NF32_nt35,1.1499262046711629e-14
dirichlet,1.6,0.25,0.5,24,32,240,explicit_overlap,1.0,"[""exact_finite_map"", ""circuit_statevector""]",law_eberly,1.0,,0.04993125887314297,0.03761730603812098,0.0595255814580863,0.9977953160507144,0.04894599004795195,0.09757540986462579,1.299164083376694,0.0,1.3503533146457725,3.38344347814815e-14,0.032521252467054715,"[{""conditional_fidelity"": 0.9977953160507144, ""index"": 0, ""name"": ""basis_0"", ""scaled_relative_error"": 0.0595255814580863, ""success_probability"": 0.04894599004795195}, {""conditional_fidelity"": 0.9995177795754103, ""index"": 1, ""name"": ""basis_1"", ""scaled_relative_error"": 0.04435694656650214, ""success_probability"": 0.09757540986462579}, {""conditional_fidelity"": 0.9995177795754105, ""index"": 2, ""name"": ""basis_2"", ""scaled_relative_error"": 0.04435694656650041, ""success_probability"": 0.09757540986462558}, {""conditional_fidelity"": 0.997795316050715, ""index"": 3, ""name"": ""basis_3"", ""scaled_relative_error"": 0.05952558145808615, ""success_probability"": 0.048945990047952095}]",scaling_dense_circuit,50,0.09757540986462579,results_revision/viz_dense/scaling_dense_T1.0_N24_NF32_nt50_raw.npz,dirichlet_heat_4d,4,ideal_injection,basis_0,0.10560771851974038,0.09763276165076427,10.248483725432262,0.025923366563408323,1.6831924709511488e-16,0.00169235390106233,0.025674497915189262,0.03660231714937491,1.9559657036140187e-16,0.0029263283693129138,0.036518694312554945,1.299164083376694,-4.04536558591773e-17,"{""le_aux_qubits"": 1, ""n_dv_qubits"": 2, ""physical_qumodes"": 1, ""simulator_qubits_per_qumode"": 5}",{},{},[],,,{},[],124.00000000000003,124.00000000000003,0.0,0.0,1.2400000000000002,results_revision/coefficients_dirichlet_r1p6_rp0p25_b0p5_N24_nq240.json,4e5a7040450c03392c5ca33240dd725acb70b36d94672bf9d9339bf51628a14e,T1.0_N24_NF32_nt50,1.6406197931501894e-14
dirichlet,1.6,0.25,0.5,24,32,240,explicit_overlap,1.0,"[""exact_finite_map"", ""circuit_statevector""]",law_eberly,1.0,,0.04998894471571818,0.037802614317380065,0.05967425691260791,0.9978133680891479,0.048897516230604975,0.09757270347699114,1.299164083376694,0.0,1.350594130179966,4.609618622226249e-14,0.03240931737579791,"[{""conditional_fidelity"": 0.9978133680891479, ""index"": 0, ""name"": ""basis_0"", ""scaled_relative_error"": 0.05967425691260791, ""success_probability"": 0.048897516230604975}, {""conditional_fidelity"": 0.9995190782175172, ""index"": 1, ""name"": ""basis_1"", ""scaled_relative_error"": 0.04435445671460669, ""success_probability"": 0.09757270347699114}, {""conditional_fidelity"": 0.9995190782175174, ""index"": 2, ""name"": ""basis_2"", ""scaled_relative_error"": 0.04435445671460703, ""success_probability"": 0.09757270347699054}, {""conditional_fidelity"": 0.9978133680891486, ""index"": 3, ""name"": ""basis_3"", ""scaled_relative_error"": 0.05967425691260004, ""success_probability"": 0.04889751623060611}]",scaling_dense_circuit,71,0.09757270347699114,results_revision/viz_dense/scaling_dense_T1.0_N24_NF32_nt71_raw.npz,dirichlet_heat_4d,4,ideal_injection,basis_0,0.10560771851974038,0.09763276165076427,10.248767989049442,0.025923366563408323,1.6831924709511488e-16,0.001167064894534431,0.025800974197799274,0.03660231714937491,1.9559657036140187e-16,0.0020519572674403976,0.0365608845496671,1.299164083376694,-4.04536558591773e-17,"{""le_aux_qubits"": 1, ""n_dv_qubits"": 2, ""physical_qumodes"": 1, ""simulator_qubits_per_qumode"": 5}",{},{},[],,,{},[],124.00000000000003,124.00000000000003,0.0,0.0,0.8732394366197185,results_revision/coefficients_dirichlet_r1p6_rp0p25_b0p5_N24_nq240.json,4e5a7040450c03392c5ca33240dd725acb70b36d94672bf9d9339bf51628a14e,T1.0_N24_NF32_nt71,3.1972917883201665e-14
dirichlet,1.6,0.25,0.5,24,32,240,explicit_overlap,1.0,"[""exact_finite_map"", ""circuit_statevector""]",law_eberly,1.0,,0.05001705783506393,0.03789191649791665,0.05976648905455127,0.9978269322050268,0.04886465434184477,0.09758088466301032,1.299164083376694,0.0,1.3507102967248874,6.689923472727131e-14,0.03235536202935102,"[{""conditional_fidelity"": 0.9978269322050269, ""index"": 0, ""name"": ""basis_0"", ""scaled_relative_error"": 0.05976648905455127, ""success_probability"": 0.04886465434184477}, {""conditional_fidelity"": 0.999517195045383, ""index"": 1, ""name"": ""basis_1"", ""scaled_relative_error"": 0.04433985713400459, ""success_probability"": 0.09758088466301032}, {""conditional_fidelity"": 0.999517195045383, ""index"": 2, ""name"": ""basis_2"", ""scaled_relative_error"": 0.0443398571340044, ""success_probability"": 0.09758088466300958}, {""conditional_fidelity"": 0.9978269322050268, ""index"": 3, ""name"": ""basis_3"", ""scaled_relative_error"": 0.05976648905454522, ""success_probability"": 0.048864654341846045}]",scaling_dense_circuit,100,0.09758088466301032,results_revision/viz_dense/scaling_dense_T1.0_N24_NF32_nt100_raw.npz,dirichlet_heat_4d,4,ideal_injection,basis_0,0.10560771851974038,0.09763276165076427,10.24790873185296,0.025923366563408323,1.6831924709511488e-16,0.0008178588528792581,0.025861924565847558,0.03660231714937491,1.9559657036140187e-16,0.001453898893956266,0.036581445906114535,1.299164083376694,-4.04536558591773e-17,"{""le_aux_qubits"": 1, ""n_dv_qubits"": 2, ""physical_qumodes"": 1, ""simulator_qubits_per_qumode"": 5}",{},{},[],,,{},[],124.00000000000003,124.00000000000003,0.0,0.0,0.6200000000000001,results_revision/coefficients_dirichlet_r1p6_rp0p25_b0p5_N24_nq240.json,4e5a7040450c03392c5ca33240dd725acb70b36d94672bf9d9339bf51628a14e,T1.0_N24_NF32_nt100,3.462089576644845e-14
dirichlet,1.6,0.25,0.5,24,32,240,explicit_overlap,1.0,"[""exact_finite_map"", ""circuit_statevector""]",law_eberly,1.0,,0.05003124694976884,0.0379367541268346,0.05982746505397996,0.9978369620550998,0.048841703284204466,0.09759143859567676,1.299164083376694,0.0,1.350768656798497,9.4121623468105e-14,0.032328258830415325,"[{""conditional_fidelity"": 0.9978369620551001, ""index"": 0, ""name"": ""basis_0"", ""scaled_relative_error"": 0.05982746505397996, ""success_probability"": 0.048841703284204466}, {""conditional_fidelity"": 0.9995146142803255, ""index"": 1, ""name"": ""basis_1"", ""scaled_relative_error"": 0.04432271759143308, ""success_probability"": 0.09759143859567676}, {""conditional_fidelity"": 0.999514614280326, ""index"": 2, ""name"": ""basis_2"", ""scaled_relative_error"": 0.0443227175914304, ""success_probability"": 0.09759143859567662}, {""conditional_fidelity"": 0.9978369620550998, ""index"": 3, ""name"": ""basis_3"", ""scaled_relative_error"": 0.05982746505397485, ""success_probability"": 0.048841703284206485}]",scaling_dense_circuit,141,0.09759143859567676,results_revision/viz_dense/scaling_dense_T1.0_N24_NF32_nt141_raw.npz,dirichlet_heat_4d,4,ideal_injection,basis_0,0.10560771851974038,0.09763276165076427,10.246800481577278,0.025923366563408323,1.6831924709511488e-16,0.0005750789153783242,0.02589252706590456,0.03660231714937491,1.9559657036140187e-16,0.0010300748811797652,0.036591823532358465,1.299164083376694,-4.04536558591773e-17,"{""le_aux_qubits"": 1, ""n_dv_qubits"": 2, ""physical_qumodes"": 1, ""simulator_qubits_per_qumode"": 5}",{},{},[],,,{},[],124.00000000000003,124.00000000000003,0.0,0.0,0.43971631205673767,results_revision/coefficients_dirichlet_r1p6_rp0p25_b0p5_N24_nq240.json,4e5a7040450c03392c5ca33240dd725acb70b36d94672bf9d9339bf51628a14e,T1.0_N24_NF32_nt141,4.512811229710185e-14
dirichlet,1.6,0.25,0.5,24,32,240,explicit_overlap,1.0,"[""exact_finite_map"", ""circuit_statevector""]",law_eberly,1.0,,0.05003846515098972,0.03795950528534103,0.05986906976228829,0.9978443071217517,0.04882547438832171,0.09760137554895985,1.299164083376694,0.0,1.350798278919452,1.3163540430851093e-13,0.03231450177512538,"[{""conditional_fidelity"": 0.9978443071217523, ""index"": 0, ""name"": ""basis_0"", ""scaled_relative_error"": 0.05986906976228829, ""success_probability"": 0.04882547438832171}, {""conditional_fidelity"": 0.9995121668501142, ""index"": 1, ""name"": ""basis_1"", ""scaled_relative_error"": 0.0443068250178622, ""success_probability"": 0.09760137554895985}, {""conditional_fidelity"": 0.9995121668501148, ""index"": 2, ""name"": ""basis_2"", ""scaled_relative_error"": 0.04430682501785958, ""success_probability"": 0.09760137554895905}, {""conditional_fidelity"": 0.9978443071217517, ""index"": 3, ""name"": ""basis_3"", ""scaled_relative_error"": 0.059869069762284545, ""success_probability"": 0.0488254743883236}]",scaling_dense_circuit,200,0.09760137554895985,results_revision/viz_dense/scaling_dense_T1.0_N24_NF32_nt200_raw.npz,dirichlet_heat_4d,4,ideal_injection,basis_0,0.10560771851974038,0.09763276165076427,10.245757238312375,0.025923366563408323,1.6831924709511488e-16,0.0004030794160468551,0.025908055146810983,0.03660231714937491,1.9559657036140187e-16,0.0007258250073595576,0.03659710277605912,1.299164083376694,-4.04536558591773e-17,"{""le_aux_qubits"": 1, ""n_dv_qubits"": 2, ""physical_qumodes"": 1, ""simulator_qubits_per_qumode"": 5}",{},{},[],,,{},[],124.00000000000003,124.00000000000003,0.0,0.0,0.31000000000000005,results_revision/coefficients_dirichlet_r1p6_rp0p25_b0p5_N24_nq240.json,4e5a7040450c03392c5ca33240dd725acb70b36d94672bf9d9339bf51628a14e,T1.0_N24_NF32_nt200,7.318211406585101e-14
dirichlet,1.6,0.25,0.5,24,32,240,explicit_overlap,1.0,"[""exact_finite_map"", ""circuit_statevector""]",law_eberly,1.0,,0.05004203429062889,0.03797074061587039,0.05989713955504564,0.9978494966738721,0.04881426278901251,0.09760947957349511,1.299164083376694,0.0,1.3508129098357122,1.9064490474866432e-13,0.032307706755195266,"[{""conditional_fidelity"": 0.9978494966738733, ""index"": 0, ""name"": ""basis_0"", ""scaled_relative_error"": 0.05989713955504564, ""success_probability"": 0.04881426278901251}, {""conditional_fidelity"": 0.9995101726245027, ""index"": 1, ""name"": ""basis_1"", ""scaled_relative_error"": 0.044293884230211404, ""success_probability"": 0.09760947957349511}, {""conditional_fidelity"": 0.9995101726245036, ""index"": 2, ""name"": ""basis_2"", ""scaled_relative_error"": 0.044293884230209066, ""success_probability"": 0.09760947957349397}, {""conditional_fidelity"": 0.9978494966738721, ""index"": 3, ""name"": ""basis_3"", ""scaled_relative_error"": 0.05989713955504366, ""success_probability"": 0.04881426278901463}]",scaling_dense_circuit,283,0.09760947957349511,results_revision/viz_dense/scaling_dense_T1.0_N24_NF32_nt283_raw.npz,dirichlet_heat_4d,4,ideal_injection,basis_0,0.10560771851974038,0.09763276165076427,10.244906584580747,0.025923366563408323,1.6831924709511488e-16,0.0002837547779331504,0.025915723464950517,0.03660231714937491,1.9559657036140187e-16,0.0005128188791104958,0.03659971317127813,1.299164083376694,-4.04536558591773e-17,"{""le_aux_qubits"": 1, ""n_dv_qubits"": 2, ""physical_qumodes"": 1, ""simulator_qubits_per_qumode"": 5}",{},{},[],,,{},[],124.00000000000003,124.00000000000003,0.0,0.0,0.2190812720848057,results_revision/coefficients_dirichlet_r1p6_rp0p25_b0p5_N24_nq240.json,4e5a7040450c03392c5ca33240dd725acb70b36d94672bf9d9339bf51628a14e,T1.0_N24_NF32_nt283,1.1638929891258023e-13
dirichlet,1.6,0.25,0.5,48,64,240,explicit_overlap,0.25,exact_finite_map,ideal_injection,1.0,by_construction,0.014963212081050201,0.017420491765943128,0.017540363333315732,0.9998260882288507,0.23535174416976246,0.2680783977387339,1.3137242998312464,0.0,1.3224276863937627,-6.699962930996713e-17,0.013438418818339735,"[{""conditional_fidelity"": 0.9998260882288507, ""index"": 0, ""scaled_relative_error"": 0.01754036333331546, ""success_probability"": 0.23535174416976257}, {""conditional_fidelity"": 0.9998557308463225, ""index"": 1, ""scaled_relative_error"": 0.012204474296290187, ""success_probability"": 0.2680783977387339}, {""conditional_fidelity"": 0.9998557308463225, ""index"": 2, ""scaled_relative_error"": 0.01220447429629017, ""success_probability"": 0.2680783977387339}, {""conditional_fidelity"": 0.9998260882288508, ""index"": 3, ""scaled_relative_error"": 0.017540363333315732, ""success_probability"": 0.23535174416976246}]",scaling_dense_model,,0.2680783977387339,results_revision/viz_dense/scaling_dense_T0.25_N48_NF64_exact_raw.npz,,,,,,,,,,,,,,,,,,,,,,,,,,,,,,,,,,
dirichlet,1.6,0.25,0.5,48,64,240,explicit_overlap,0.5,exact_finite_map,ideal_injection,1.0,by_construction,0.025200623825215072,0.024354487263464782,0.025508233328166218,0.9999756974213493,0.11873391799761968,0.1660148701257926,1.3137242998312464,0.0,1.3470380865348892,-5.49454931223501e-17,0.00484319435381524,"[{""conditional_fidelity"": 0.9999780385168865, ""index"": 0, ""scaled_relative_error"": 0.024763472036213315, ""success_probability"": 0.11873391799761972}, {""conditional_fidelity"": 0.9999756974213493, ""index"": 1, ""scaled_relative_error"": 0.025508233328166218, ""success_probability"": 0.16601487012579247}, {""conditional_fidelity"": 0.9999756974213493, ""index"": 2, ""scaled_relative_error"": 0.02550823332816585, ""success_probability"": 0.1660148701257926}, {""conditional_fidelity"": 0.9999780385168866, ""index"": 3, ""scaled_relative_error"": 0.024763472036212934, ""success_probability"": 0.11873391799761968}]",scaling_dense_model,,0.16601487012579247,results_revision/viz_dense/scaling_dense_T0.5_N48_NF64_exact_raw.npz,,,,,,,,,,,,,,,,,,,,,,,,,,,,,,,,,,
dirichlet,1.6,0.25,0.5,48,64,240,explicit_overlap,0.75,exact_finite_map,ideal_injection,1.0,by_construction,0.027610293245907153,0.02533052630968613,0.02894503209517716,0.9999289075651655,0.07185128586685244,0.12402221515617366,1.3137242998312464,0.0,1.3497906876469836,-2.3759469141357423e-16,0.00695738591833335,"[{""conditional_fidelity"": 0.9999289075651656, ""index"": 0, ""scaled_relative_error"": 0.02894503209517716, ""success_probability"": 0.07185128586685244}, {""conditional_fidelity"": 0.9999656935073449, ""index"": 1, ""scaled_relative_error"": 0.026804029879260394, ""success_probability"": 0.12402221515617358}, {""conditional_fidelity"": 0.9999656935073442, ""index"": 2, ""scaled_relative_error"": 0.026804029879259263, ""success_probability"": 0.12402221515617366}, {""conditional_fidelity"": 0.9999289075651655, ""index"": 3, ""scaled_relative_error"": 0.028945032095176824, ""success_probability"": 0.07185128586685244}]",scaling_dense_model,,0.12402221515617358,results_revision/viz_dense/scaling_dense_T0.75_N48_NF64_exact_raw.npz,,,,,,,,,,,,,,,,,,,,,,,,,,,,,,,,,,
dirichlet,1.6,0.25,0.5,48,64,240,explicit_overlap,1.0,exact_finite_map,ideal_injection,1.0,by_construction,0.016237496018246245,0.01322636439895998,0.023061228141813456,0.9996814958414297,0.050174916254654346,0.10183071218521725,1.3137242998312464,0.0,1.3263566879310653,-1.0029363040507099e-16,0.013151539524111326,"[{""conditional_fidelity"": 0.9996814958414302, ""index"": 0, ""scaled_relative_error"": 0.023061228141813456, ""success_probability"": 0.050174916254654346}, {""conditional_fidelity"": 0.9999195516467303, ""index"": 1, ""scaled_relative_error"": 0.011377351078967715, ""success_probability"": 0.10183071218521718}, {""conditional_fidelity"": 0.9999195516467296, ""index"": 2, ""scaled_relative_error"": 0.011377351078967158, ""success_probability"": 0.10183071218521725}, {""conditional_fidelity"": 0.9996814958414297, ""index"": 3, ""scaled_relative_error"": 0.023061228141813286, ""success_probability"": 0.05017491625465435}]",scaling_dense_model,,0.10183071218521718,results_revision/viz_dense/scaling_dense_T1.0_N48_NF64_exact_raw.npz,,,,,,,,,,,,,,,,,,,,,,,,,,,,,,,,,,
dirichlet,1.6,0.25,0.5,48,64,240,explicit_overlap,1.25,exact_finite_map,ideal_injection,1.0,by_construction,0.018729963297414148,0.014179227268243257,0.022423691124859115,0.9995359575249804,0.03726288491905594,0.08239834802412,1.3137242998312464,0.0,1.3213633574637975,-2.6486543223124232e-17,0.017815721476382412,"[{""conditional_fidelity"": 0.9995359575249804, ""index"": 0, ""scaled_relative_error"": 0.022423691124859087, ""success_probability"": 0.03726288491905594}, {""conditional_fidelity"": 0.9997491501983845, ""index"": 1, ""scaled_relative_error"": 0.01679176680398323, ""success_probability"": 0.0823983480241199}, {""conditional_fidelity"": 0.9997491501983844, ""index"": 2, ""scaled_relative_error"": 0.01679176680398305, ""success_probability"": 0.08239834802412}, {""conditional_fidelity"": 0.9995359575249806, ""index"": 3, ""scaled_relative_error"": 0.022423691124859115, ""success_probability"": 0.03726288491905596}]",scaling_dense_model,,0.0823983480241199,results_revision/viz_dense/scaling_dense_T1.25_N48_NF64_exact_raw.npz,,,,,,,,,,,,,,,,,,,,,,,,,,,,,,,,,,
dirichlet,1.6,0.25,0.5,48,64,240,explicit_overlap,1.5,exact_finite_map,ideal_injection,1.0,by_construction,0.030702922632118722,0.02588393409541155,0.036206925117480235,0.9991496753051222,0.02761022050917653,0.06456500975321201,1.3137242998312464,0.0,1.3461265817111498,1.8692064220518027e-16,0.019065121486583507,"[{""conditional_fidelity"": 0.9991496753051222, ""index"": 0, ""scaled_relative_error"": 0.036206925117480235, ""success_probability"": 0.02761022050917653}, {""conditional_fidelity"": 0.9998475815277967, ""index"": 1, ""scaled_relative_error"": 0.02804042644857974, ""success_probability"": 0.06456500975321193}, {""conditional_fidelity"": 0.9998475815277967, ""index"": 2, ""scaled_relative_error"": 0.028040426448578574, ""success_probability"": 0.06456500975321201}, {""conditional_fidelity"": 0.9991496753051222, ""index"": 3, ""scaled_relative_error"": 0.03620692511747991, ""success_probability"": 0.02761022050917654}]",scaling_dense_model,,0.06456500975321193,results_revision/viz_dense/scaling_dense_T1.5_N48_NF64_exact_raw.npz,,,,,,,,,,,,,,,,,,,,,,,,,,,,,,,,,,
dirichlet,1.6,0.25,0.5,48,64,240,explicit_overlap,1.75,exact_finite_map,ideal_injection,1.0,by_construction,0.041474854971796836,0.02908501794111783,0.0491382941271547,0.9980315791085583,0.02172408149716274,0.05264505630695279,1.3137242998312464,0.0,1.3483571037420277,3.73175352398078e-17,0.032575064723840474,"[{""conditional_fidelity"": 0.9980315791085583, ""index"": 0, ""scaled_relative_error"": 0.0491382941271547, ""success_probability"": 0.02172408149716274}, {""conditional_fidelity"": 0.9993213480304927, ""index"": 1, ""scaled_relative_error"": 0.03790760337724722, ""success_probability"": 0.05264505630695273}, {""conditional_fidelity"": 0.9993213480304924, ""index"": 2, ""scaled_relative_error"": 0.037907603377245865, ""success_probability"": 0.05264505630695279}, {""conditional_fidelity"": 0.9980315791085586, ""index"": 3, ""scaled_relative_error"": 0.04913829412715442, ""success_probability"": 0.021724081497162755}]",scaling_dense_model,,0.05264505630695273,results_revision/viz_dense/scaling_dense_T1.75_N48_NF64_exact_raw.npz,,,,,,,,,,,,,,,,,,,,,,,,,,,,,,,,,,
dirichlet,1.6,0.25,0.5,48,64,240,explicit_overlap,2.0,exact_finite_map,ideal_injection,1.0,by_construction,0.08429105542671071,0.08370294982855414,0.08439046271668174,0.9928968894483491,0.017919093009928628,0.04509247461496411,1.3137242998312464,0.0,1.3195591073282913,-2.417848498192473e-16,0.08417581823284154,"[{""conditional_fidelity"": 0.9929586207908907, ""index"": 0, ""scaled_relative_error"": 0.08404052402513694, ""success_probability"": 0.017919093009928628}, {""conditional_fidelity"": 0.9928968894483491, ""index"": 1, ""scaled_relative_error"": 0.08439046271668174, ""success_probability"": 0.04509247461496407}, {""conditional_fidelity"": 0.9928968894483493, ""index"": 2, ""scaled_relative_error"": 0.08439046271668134, ""success_probability"": 0.04509247461496411}, {""conditional_fidelity"": 0.9929586207908903, ""index"": 3, ""scaled_relative_error"": 0.08404052402513727, ""success_probability"": 0.017919093009928642}]",scaling_dense_model,,0.04509247461496407,results_revision/viz_dense/scaling_dense_T2.0_N48_NF64_exact_raw.npz,,,,,,,,,,,,,,,,,,,,,,,,,,,,,,,,,,
dirichlet,1.6,0.25,0.5,48,64,240,explicit_overlap,1.0,"[""exact_finite_map"", ""circuit_statevector""]",law_eberly,1.0000000000000004,,0.018741288185233396,0.015460728437164277,0.029562404229907333,0.9991980347627651,0.05077560322836045,0.10148900149045816,1.3137242998312464,0.0,1.32515944144426,1.601849179319588e-14,0.016637079509585376,"[{""conditional_fidelity"": 0.9991980347627651, ""index"": 0, ""name"": ""basis_0"", ""scaled_relative_error"": 0.029562404229906154, ""success_probability"": 0.05077560322836045}, {""conditional_fidelity"": 0.9999860643943478, ""index"": 1, ""name"": ""basis_1"", ""scaled_relative_error"": 0.009467429197361935, ""success_probability"": 0.10148900149045816}, {""conditional_fidelity"": 0.9999860643943479, ""index"": 2, ""name"": ""basis_2"", ""scaled_relative_error"": 0.009467429197362449, ""success_probability"": 0.10148900149045798}, {""conditional_fidelity"": 0.9991980347627658, ""index"": 3, ""name"": ""basis_3"", ""scaled_relative_error"": 0.029562404229907333, ""success_probability"": 0.05077560322836049}]",scaling_dense_circuit,25,0.10148900149045816,results_revision/viz_dense/scaling_dense_T1.0_N48_NF64_nt25_raw.npz,dirichlet_heat_4d,4,ideal_injection,basis_3,0.10327975653713634,0.10183071218521718,9.85328444771445,0.00902723509340367,2.5916885335915525e-16,0.003502005154306812,0.010552229328304909,0.011875770146276258,3.6398715481624727e-16,0.006075194477943237,0.013706992166948252,1.3137242998312466,6.728977592659863e-17,"{""le_aux_qubits"": 1, ""n_dv_qubits"": 2, ""physical_qumodes"": 1, ""simulator_qubits_per_qumode"": 6}",{},{},[],,,{},[],252.00000000000006,252.00000000000006,0.0,0.0,5.040000000000001,results_revision/coefficients_dirichlet_r1p6_rp0p25_b0p5_N48_nq240.json,fe5a303919e4976cbd52d7db59974c06966e7cd16574d538235a26669a365d50,T1.0_N48_NF64_nt25,6.780724146406719e-15
dirichlet,1.6,0.25,0.5,48,64,240,explicit_overlap,1.0,"[""exact_finite_map"", ""circuit_statevector""]",law_eberly,1.0000000000000004,,0.01748813804598453,0.014557575866621347,0.027575169439331967,0.9993509062966073,0.050571940373042745,0.10158757792675172,1.3137242998312464,0.0,1.3256513626870985,2.367714014737385e-14,0.014996824964921376,"[{""conditional_fidelity"": 0.9993509062966073, ""index"": 0, ""name"": ""basis_0"", ""scaled_relative_error"": 0.02757516943933143, ""success_probability"": 0.050571940373042745}, {""conditional_fidelity"": 0.9999892424944453, ""index"": 1, ""name"": ""basis_1"", ""scaled_relative_error"": 0.008850808823566874, ""success_probability"": 0.10158757792675172}, {""conditional_fidelity"": 0.9999892424944455, ""index"": 2, ""name"": ""basis_2"", ""scaled_relative_error"": 0.00885080882356844, ""success_probability"": 0.10158757792675172}, {""conditional_fidelity"": 0.9993509062966076, ""index"": 3, ""name"": ""basis_3"", ""scaled_relative_error"": 0.027575169439331967, ""success_probability"": 0.050571940373043044}]",scaling_dense_circuit,35,0.10158757792675172,results_revision/viz_dense/scaling_dense_T1.0_N48_NF64_nt35_raw.npz,dirichlet_heat_4d,4,ideal_injection,basis_3,0.10327975653713634,0.10183071218521718,9.843723222942039,0.00902723509340367,2.5916885335915525e-16,0.0023680628884302692,0.009935811215694618,0.011875770146276258,3.6398715481624727e-16,0.004223344506377127,0.012790463966062447,1.3137242998312466,6.728977592659863e-17,"{""le_aux_qubits"": 1, ""n_dv_qubits"": 2, ""physical_qumodes"": 1, ""simulator_qubits_per_qumode"": 6}",{},{},[],,,{},[],252.00000000000006,252.00000000000006,0.0,0.0,3.600000000000001,results_revision/coefficients_dirichlet_r1p6_rp0p25_b0p5_N48_nq240.json,fe5a303919e4976cbd52d7db59974c06966e7cd16574d538235a26669a365d50,T1.0_N48_NF64_nt35,1.6160058888515213e-14
dirichlet,1.6,0.25,0.5,48,64,240,explicit_overlap,1.0,"[""exact_finite_map"", ""circuit_statevector""]",law_eberly,1.0000000000000004,,0.016842275712400556,0.01394236832972889,0.026107424449795427,0.999460770059477,0.05043632362957871,0.10165030929500317,1.3137242998312464,0.0,1.3259867110129304,3.34998689749364e-14,0.014076863026535175,"[{""conditional_fidelity"": 0.999460770059477, ""index"": 0, ""name"": ""basis_0"", ""scaled_relative_error"": 0.026107424449794477, ""success_probability"": 0.05043632362957871}, {""conditional_fidelity"": 0.9999780492840717, ""index"": 1, ""name"": ""basis_1"", ""scaled_relative_error"": 0.009192464270540119, ""success_probability"": 0.10165030929500317}, {""conditional_fidelity"": 0.9999780492840717, ""index"": 2, ""name"": ""basis_2"", ""scaled_relative_error"": 0.009192464270543996, ""success_probability"": 0.10165030929500285}, {""conditional_fidelity"": 0.9994607700594776, ""index"": 3, ""name"": ""basis_3"", ""scaled_relative_error"": 0.026107424449795427, ""success_probability"": 0.05043632362957915}]",scaling_dense_circuit,50,0.10165030929500317,results_revision/viz_dense/scaling_dense_T1.0_N48_NF64_nt50_raw.npz,dirichlet_heat_4d,4,ideal_injection,basis_3,0.10327975653713634,0.10183071218521718,9.837648374466452,0.00902723509340367,2.5916885335915525e-16,0.0016096524242050737,0.009515920843764542,0.011875770146276258,3.6398715481624727e-16,0.002911624809313865,0.012318093558016656,1.3137242998312466,6.728977592659863e-17,"{""le_aux_qubits"": 1, ""n_dv_qubits"": 2, ""physical_qumodes"": 1, ""simulator_qubits_per_qumode"": 6}",{},{},[],,,{},[],252.00000000000006,252.00000000000006,0.0,0.0,2.5200000000000005,results_revision/coefficients_dirichlet_r1p6_rp0p25_b0p5_N48_nq240.json,fe5a303919e4976cbd52d7db59974c06966e7cd16574d538235a26669a365d50,T1.0_N48_NF64_nt50,1.54824600028531e-14
dirichlet,1.6,0.25,0.5,48,64,240,explicit_overlap,1.0,"[""exact_finite_map"", ""circuit_statevector""]",law_eberly,1.0000000000000004,,0.01653534365250215,0.013599626446847413,0.02513814410167698,0.9995319445264779,0.05035121150851883,0.1016959236842009,1.3137242998312464,0.0,1.3261673901506321,4.546689853762323e-14,0.013616093767588391,"[{""conditional_fidelity"": 0.9995319445264779, ""index"": 0, ""name"": ""basis_0"", ""scaled_relative_error"": 0.02513814410167546, ""success_probability"": 0.05035121150851883}, {""conditional_fidelity"": 0.9999649901531741, ""index"": 1, ""name"": ""basis_1"", ""scaled_relative_error"": 0.009694803118362022, ""success_probability"": 0.1016959236842009}, {""conditional_fidelity"": 0.9999649901531739, ""index"": 2, ""name"": ""basis_2"", ""scaled_relative_error"": 0.009694803118368404, ""success_probability"": 0.10169592368420037}, {""conditional_fidelity"": 0.9995319445264781, ""index"": 3, ""name"": ""basis_3"", ""scaled_relative_error"": 0.02513814410167698, ""success_probability"": 0.050351211508520045}]",scaling_dense_circuit,71,0.1016959236842009,results_revision/viz_dense/scaling_dense_T1.0_N48_NF64_nt71_raw.npz,dirichlet_heat_4d,4,ideal_injection,basis_3,0.10327975653713634,0.10183071218521718,9.833235824725158,0.00902723509340367,2.5916885335915525e-16,0.0011154287864623348,0.00928199325340039,0.011875770146276258,3.6398715481624727e-16,0.0020348953530581098,0.012093609771244327,1.3137242998312466,6.728977592659863e-17,"{""le_aux_qubits"": 1, ""n_dv_qubits"": 2, ""physical_qumodes"": 1, ""simulator_qubits_per_qumode"": 6}",{},{},[],,,{},[],252.00000000000006,252.00000000000006,0.0,0.0,1.774647887323944,results_revision/coefficients_dirichlet_r1p6_rp0p25_b0p5_N48_nq240.json,fe5a303919e4976cbd52d7db59974c06966e7cd16574d538235a26669a365d50,T1.0_N48_NF64_nt71,3.1122928595532864e-14
dirichlet,1.6,0.25,0.5,48,64,240,explicit_overlap,1.0,"[""exact_finite_map"", ""circuit_statevector""]",law_eberly,1.0000000000000004,,0.016387109001554122,0.013419464754883294,0.02449832521168751,0.9995783764625517,0.0502963711586824,0.10173050748848898,1.3137242998312464,0.0,1.3262598382171338,6.635308289737863e-14,0.013387191297502208,"[{""conditional_fidelity"": 0.999578376462552, ""index"": 0, ""name"": ""basis_0"", ""scaled_relative_error"": 0.024498325211680307, ""success_probability"": 0.0502963711586824}, {""conditional_fidelity"": 0.999953771176947, ""index"": 1, ""name"": ""basis_1"", ""scaled_relative_error"": 0.01012724335664994, ""success_probability"": 0.10173050748848873}, {""conditional_fidelity"": 0.9999537711769472, ""index"": 2, ""name"": ""basis_2"", ""scaled_relative_error"": 0.010127243356653949, ""success_probability"": 0.10173050748848898}, {""conditional_fidelity"": 0.9995783764625517, ""index"": 3, ""name"": ""basis_3"", ""scaled_relative_error"": 0.02449832521168751, ""success_probability"": 0.05029637115868333}]",scaling_dense_circuit,100,0.10173050748848873,results_revision/viz_dense/scaling_dense_T1.0_N48_NF64_nt100_raw.npz,dirichlet_heat_4d,4,ideal_injection,basis_3,0.10327975653713634,0.10183071218521718,9.829892966111021,0.00902723509340367,2.5916885335915525e-16,0.0007844896703983245,0.009159029610548286,0.011875770146276258,3.6398715481624727e-16,0.0014393394271112966,0.011985194000709628,1.3137242998312466,6.728977592659863e-17,"{""le_aux_qubits"": 1, ""n_dv_qubits"": 2, ""physical_qumodes"": 1, ""simulator_qubits_per_qumode"": 6}",{},{},[],,,{},[],252.00000000000006,252.00000000000006,0.0,0.0,1.2600000000000002,results_revision/coefficients_dirichlet_r1p6_rp0p25_b0p5_N48_nq240.json,fe5a303919e4976cbd52d7db59974c06966e7cd16574d538235a26669a365d50,T1.0_N48_NF64_nt100,3.528055810003902e-14
dirichlet,1.6,0.25,0.5,48,64,240,explicit_overlap,1.0,"[""exact_finite_map"", ""circuit_statevector""]",law_eberly,1.0000000000000004,,0.01631261250378699,0.013324817740299278,0.024060114559471876,0.9996099584453044,0.0502592241027494,0.1017571758617111,1.3137242998312464,0.0,1.3263076118594759,9.229895649634211e-14,0.013270454846600572,"[{""conditional_fidelity"": 0.9996099584453051, ""index"": 0, ""name"": ""basis_0"", ""scaled_relative_error"": 0.024060114559471876, ""success_probability"": 0.0502592241027494}, {""conditional_fidelity"": 0.9999447746247503, ""index"": 1, ""name"": ""basis_1"", ""scaled_relative_error"": 0.010466880893939946, ""success_probability"": 0.1017571758617111}, {""conditional_fidelity"": 0.9999447746247501, ""index"": 2, ""name"": ""basis_2"", ""scaled_relative_error"": 0.010466880893951033, ""success_probability"": 0.10175717586171067}, {""conditional_fidelity"": 0.9996099584453044, ""index"": 3, ""name"": ""basis_3"", ""scaled_relative_error"": 0.02406011455947133, ""success_probability"": 0.05025922410275125}]",scaling_dense_circuit,141,0.1017571758617111,results_revision/viz_dense/scaling_dense_T1.0_N48_NF64_nt141_raw.npz,dirichlet_heat_4d,4,ideal_injection,basis_0,0.10327975653713634,0.10183071218521718,9.827316762004173,0.00902723509340367,2.5916885335915525e-16,0.0005530769274197776,0.009094431295715383,0.011875770146276258,3.6398715481624727e-16,0.0010188509104606866,0.011930708796636848,1.3137242998312466,6.728977592659863e-17,"{""le_aux_qubits"": 1, ""n_dv_qubits"": 2, ""physical_qumodes"": 1, ""simulator_qubits_per_qumode"": 6}",{},{},[],,,{},[],252.00000000000006,252.00000000000006,0.0,0.0,0.8936170212765959,results_revision/coefficients_dirichlet_r1p6_rp0p25_b0p5_N48_nq240.json,fe5a303919e4976cbd52d7db59974c06966e7cd16574d538235a26669a365d50,T1.0_N48_NF64_nt141,4.496515749263036e-14
dirichlet,1.6,0.25,0.5,48,64,240,explicit_overlap,1.0,"[""exact_finite_map"", ""circuit_statevector""]",law_eberly,1.0000000000000004,,0.016274795597922824,0.013275643326274228,0.023754620646675828,0.999631888406178,0.050233443324454785,0.10177755976225288,1.3137242998312464,0.0,1.326332204562032,1.347941253653133e-13,0.013210742018667817,"[{""conditional_fidelity"": 0.9996318884061787, ""index"": 0, ""name"": ""basis_0"", ""scaled_relative_error"": 0.02375462064666634, ""success_probability"": 0.050233443324454785}, {""conditional_fidelity"": 0.999937806801706, ""index"": 1, ""name"": ""basis_1"", ""scaled_relative_error"": 0.010724603073187917, ""success_probability"": 0.10177755976225242}, {""conditional_fidelity"": 0.9999378068017057, ""index"": 2, ""name"": ""basis_2"", ""scaled_relative_error"": 0.010724603073200039, ""success_probability"": 0.10177755976225288}, {""conditional_fidelity"": 0.999631888406178, ""index"": 3, ""name"": ""basis_3"", ""scaled_relative_error"": 0.023754620646675828, ""success_probability"": 0.05023344332445664}]",scaling_dense_circuit,200,0.10177755976225242,results_revision/viz_dense/scaling_dense_T1.0_N48_NF64_nt200_raw.npz,dirichlet_heat_4d,4,ideal_injection,basis_3,0.10327975653713634,0.10183071218521718,9.825348557540119,0.00902723509340367,2.5916885335915525e-16,0.0003884148802803834,0.009060868860673189,0.011875770146276258,3.6398715481624727e-16,0.0007175858121363793,0.0119030502905974,1.3137242998312466,6.728977592659863e-17,"{""le_aux_qubits"": 1, ""n_dv_qubits"": 2, ""physical_qumodes"": 1, ""simulator_qubits_per_qumode"": 6}",{},{},[],,,{},[],252.00000000000006,252.00000000000006,0.0,0.0,0.6300000000000001,results_revision/coefficients_dirichlet_r1p6_rp0p25_b0p5_N48_nq240.json,fe5a303919e4976cbd52d7db59974c06966e7cd16574d538235a26669a365d50,T1.0_N48_NF64_nt200,7.011803055974903e-14
dirichlet,1.6,0.25,0.5,48,64,240,explicit_overlap,1.0,"[""exact_finite_map"", ""circuit_statevector""]",law_eberly,1.0000000000000004,,0.016256116347222946,0.01325106303966956,0.023545714184435622,0.9996468523233277,0.05021583449810979,0.10179248344630759,1.3137242998312464,0.0,1.3263444372982431,1.8586475148063155e-13,0.01318113241524807,"[{""conditional_fidelity"": 0.999646852323329, ""index"": 0, ""name"": ""basis_0"", ""scaled_relative_error"": 0.02354571418442795, ""success_probability"": 0.05021583449810979}, {""conditional_fidelity"": 0.9999326836532941, ""index"": 1, ""name"": ""basis_1"", ""scaled_relative_error"": 0.010911040558419374, ""success_probability"": 0.10179248344630759}, {""conditional_fidelity"": 0.9999326836532937, ""index"": 2, ""name"": ""basis_2"", ""scaled_relative_error"": 0.010911040558440686, ""success_probability"": 0.1017924834463072}, {""conditional_fidelity"": 0.9996468523233277, ""index"": 3, ""name"": ""basis_3"", ""scaled_relative_error"": 0.023545714184435622, ""success_probability"": 0.05021583449811253}]",scaling_dense_circuit,283,0.10179248344630759,results_revision/viz_dense/scaling_dense_T1.0_N48_NF64_nt283_raw.npz,dirichlet_heat_4d,4,ideal_injection,basis_3,0.10327975653713634,0.10183071218521718,9.823908073993197,0.00902723509340367,2.5916885335915525e-16,0.0002738129497019264,0.009044092366456756,0.011875770146276258,3.6398715481624727e-16,0.00050688135876504,0.011889388671369464,1.3137242998312466,6.728977592659863e-17,"{""le_aux_qubits"": 1, ""n_dv_qubits"": 2, ""physical_qumodes"": 1, ""simulator_qubits_per_qumode"": 6}",{},{},[],,,{},[],252.00000000000006,252.00000000000006,0.0,0.0,0.4452296819787987,results_revision/coefficients_dirichlet_r1p6_rp0p25_b0p5_N48_nq240.json,fe5a303919e4976cbd52d7db59974c06966e7cd16574d538235a26669a365d50,T1.0_N48_NF64_nt283,1.201925410096705e-13
